data;1THB;1USD;1AUD;1HKD;1CAD;1NZD;1SGD;1EUR;100HUF;1CHF;1GBP;1UAH;100JPY;1CZK;1DKK;100ISK;1NOK;1SEK;1RON;1BGN;1TRY;1ILS;100CLP;1PHP;1MXN;1ZAR;1BRL;1MYR;10000IDR;100INR;100KRW;1CNY;1XDR;nr tabeli;pe³ny numer tabeli;
;bat (Tajlandia);dolar amerykañski;dolar australijski;dolar Hongkongu;dolar kanadyjski;dolar nowozelandzki;dolar singapurski;euro;forint (Wêgry);frank szwajcarski;funt szterling;hrywna (Ukraina);jen (Japonia);korona czeska;korona duñska;korona islandzka;korona norweska;korona szwedzka;lej rumuñski;lew (Bu³garia);lira turecka;nowy izraelski szekel;peso chilijskie;peso filipiñskie;peso meksykañskie;rand (Republika Po³udniowej Afryki);real (Brazylia);ringgit (Malezja);rupia indonezyjska;rupia indyjska;won po³udniowokoreañski;yuan renminbi (Chiny);SDR (MFW);
20250102;0,1202;4,1219;2,5630;0,5300;2,8597;2,3159;3,0260;4,2668;1,0368;4,5554;5,1448;0,0980;2,6287;0,1693;0,5721;2,9651;0,3633;0,3732;0,8578;2,1816;0,1167;1,1301;0,4136;0,0713;0,1984;0,2199;0,6665;0,9204;2,5453;4,8059;0,2815;0,5646;5,3541;1;001/A/NBP/2025;
20250103;0,1205;4,1512;2,5794;0,5337;2,8849;2,3252;3,0299;4,2718;1,0299;4,5658;5,1498;0,0986;2,6398;0,1697;0,5727;2,9769;0,3644;0,3726;0,8588;2,1841;0,1173;1,1365;0,4129;0,0714;0,2023;0,2210;0,6747;0,9225;2,5641;4,8407;0,2823;0,5672;5,3801;2;002/A/NBP/2025;
20250107;0,1182;4,0770;2,5619;0,5245;2,8506;2,3183;2,9984;4,2515;1,0226;4,5097;5,1217;0,0964;2,5866;0,1690;0,5699;2,9300;0,3617;0,3706;0,8547;2,1737;0,1154;1,1258;0,4033;0,0702;0,2008;0,2200;0,6667;0,9085;2,5276;4,7561;0,2818;0,5564;5,3207;3;003/A/NBP/2025;
20250108;0,1194;4,1335;2,5713;0,5314;2,8778;2,3229;3,0242;4,2656;1,0274;4,5330;5,1467;0,0979;2,6134;0,1698;0,5717;2,9357;0,3646;0,3706;0,8577;2,1809;0,1167;1,1332;0,4115;0,0707;0,2031;0,2196;0,6775;0,9180;2,5524;4,8130;0,2832;0,5637;5,3517;4;004/A/NBP/2025;
20250109;0,1199;4,1523;2,5711;0,5337;2,8868;2,3208;3,0326;4,2794;1,0341;4,5555;5,1000;0,0981;2,6263;0,1703;0,5735;2,9493;0,3639;0,3724;0,8604;2,1880;0,1175;1,1317;0,4145;0,0711;0,2032;0,2196;0,6801;0,9221;2,5632;4,8360;0,2839;0,5662;5,3980;5;005/A/NBP/2025;
20250110;0,1197;4,1415;2,5608;0,5320;2,8740;2,3098;3,0263;4,2657;1,0320;4,5341;5,0952;0,0979;2,6221;0,1700;0,5718;2,9398;0,3625;0,3716;0,8578;2,1810;0,1169;1,1305;0,4116;0,0708;0,2017;0,2180;0,6861;0,9210;2,5588;4,8171;0,2822;0,5647;5,3807;6;006/A/NBP/2025;
20250113;0,1203;4,1904;2,5720;0,5382;2,9028;2,3231;3,0480;4,2715;1,0313;4,5699;5,0733;0,0990;2,6673;0,1698;0,5725;2,9561;0,3640;0,3710;0,8589;2,1840;0,1182;1,1409;0,4141;0,0712;0,2012;0,2182;0,6863;0,9291;2,5748;4,8401;0,2848;0,5714;5,3781;7;007/A/NBP/2025;
20250114;0,1198;4,1658;2,5786;0,5350;2,8977;2,3372;3,0422;4,2737;1,0363;4,5477;5,0729;0,0985;2,6374;0,1690;0,5728;2,9494;0,3651;0,3714;0,8591;2,1851;0,1174;1,1478;0,4132;0,0709;0,2021;0,2195;0,6835;0,9247;2,5612;4,8082;0,2848;0,5681;5,4148;8;008/A/NBP/2025;
20250115;0,1190;4,1330;2,5651;0,5308;2,8808;2,3223;3,0246;4,2611;1,0362;4,5331;5,0499;0,0978;2,6347;0,1689;0,5711;2,9407;0,3643;0,3707;0,8565;2,1786;0,1165;1,1360;0,4118;0,0705;0,2016;0,2193;0,6825;0,9186;2,5325;4,7866;0,2833;0,5637;5,3861;9;009/A/NBP/2025;
20250116;0,1197;4,1433;2,5745;0,5320;2,8834;2,3218;3,0302;4,2620;1,0346;4,5476;5,0540;0,0982;2,6613;0,1688;0,5712;2,9413;0,3644;0,3711;0,8568;2,1791;0,1168;1,1436;0,4119;0,0708;0,2013;0,2197;0,6890;0,9202;2,5326;4,7874;0,2842;0,5652;5,3698;10;010/A/NBP/2025;
20250117;0,1203;4,1462;2,5717;0,5325;2,8768;2,3207;3,0335;4,2691;1,0314;4,5503;5,0567;0,0984;2,6622;0,1687;0,5722;2,9422;0,3641;0,3715;0,8579;2,1827;0,1166;1,1504;0,4090;0,0708;0,1988;0,2212;0,6853;0,9201;2,5336;4,7874;0,2844;0,5656;5,3925;11;011/A/NBP/2025;
20250120;0,1205;4,1321;2,5618;0,5309;2,8542;2,3144;3,0263;4,2587;1,0304;4,5221;5,0318;0,0979;2,6438;0,1688;0,5708;2,9269;0,3616;0,3701;0,8557;2,1774;0,1161;1,1536;0,4102;0,0706;0,1983;0,2202;0,6806;0,9197;2,5257;4,7737;0,2848;0,5647;5,3672;12;012/A/NBP/2025;
20250121;0,1205;4,1101;2,5611;0,5280;2,8496;2,3144;3,0235;4,2554;1,0322;4,5138;5,0342;0,0975;2,6365;0,1690;0,5703;2,9167;0,3607;0,3705;0,8550;2,1757;0,1154;1,1486;0,4103;0,0703;0,1981;0,2205;0,6814;0,9184;2,5161;4,7467;0,2851;0,5643;5,3631;13;013/A/NBP/2025;
20250122;0,1202;4,0646;2,5545;0,5219;2,8370;2,3088;3,0055;4,2461;1,0306;4,4947;5,0265;0,0967;2,6109;0,1690;0,5691;2,9023;0,3610;0,3704;0,8531;2,1710;0,1142;1,1467;0,4050;0,0696;0,1977;0,2202;0,6749;0,9162;2,4959;4,7077;0,2840;0,5587;5,3345;14;014/A/NBP/2025;
20250123;0,1191;4,0515;2,5379;0,5201;2,8158;2,2922;2,9864;4,2182;1,0270;4,4658;4,9905;0,0965;2,5908;0,1677;0,5654;2,8833;0,3587;0,3676;0,8477;2,1567;0,1134;1,1397;0,4088;0,0690;0,1979;0,2183;0,6818;0,9117;2,4886;4,6857;0,2818;0,5559;5,2765;15;015/A/NBP/2025;
20250124;0,1192;4,0124;2,5365;0,5151;2,8005;2,2918;2,9786;4,2100;1,0287;4,4365;4,9858;0,0956;2,5783;0,1677;0,5643;2,8816;0,3579;0,3675;0,8460;2,1525;0,1124;1,1224;0,4065;0,0688;0,1982;0,2189;0,6772;0,9166;2,4810;4,6537;0,2804;0,5539;5,2736;16;016/A/NBP/2025;
20250127;0,1193;4,0210;2,5303;0,5161;2,7985;2,2886;2,9877;4,2176;1,0319;4,4605;5,0210;0,0958;2,6010;0,1681;0,5652;2,8789;0,3578;0,3665;0,8476;2,1564;0,1125;1,1135;0,4095;0,0689;0,1962;0,2166;0,6802;0,9183;2,4863;4,6573;0,2805;0,5537;5,2686;17;017/A/NBP/2025;
20250128;0,1189;4,0337;2,5224;0,5176;2,8017;2,2833;2,9834;4,2092;1,0291;4,4530;5,0208;0,0959;2,5948;0,1677;0,5641;2,8771;0,3577;0,3667;0,8461;2,1521;0,1127;1,1181;0,4086;0,0691;0,1950;0,2155;0,6842;0,9182;2,4942;4,6615;0,2788;0,5534;5,2412;18;018/A/NBP/2025;
20250129;0,1198;4,0443;2,5181;0,5190;2,8028;2,2836;2,9924;4,2077;1,0311;4,4625;5,0232;0,0964;2,6034;0,1675;0,5639;2,8840;0,3570;0,3671;0,8458;2,1513;0,1130;1,1214;0,4063;0,0693;0,1970;0,2161;0,6904;0,9206;2,5007;4,6726;0,2798;0,5533;5,2731;19;019/A/NBP/2025;
20250130;0,1198;4,0393;2,5152;0,5185;2,8034;2,2823;2,9916;4,2039;1,0319;4,4502;5,0259;0,0966;2,6152;0,1674;0,5633;2,8853;0,3571;0,3667;0,8449;2,1495;0,1126;1,1269;0,4074;0,0692;0,1972;0,2183;0,6897;0,9195;2,4842;4,6627;0,2801;0,5528;5,2778;20;020/A/NBP/2025;
20250131;0,1205;4,0576;2,5251;0,5207;2,8022;2,2932;2,9924;4,2130;1,0329;4,4549;5,0404;0,0973;2,6224;0,1676;0,5646;2,8836;0,3582;0,3672;0,8466;2,1541;0,1131;1,1355;0,4124;0,0694;0,1962;0,2179;0,6906;0,9102;2,4893;4,6844;0,2796;0,5539;5,2864;21;021/A/NBP/2025;
20250203;0,1215;4,1352;2,5395;0,5306;2,8142;2,2990;3,0252;4,2305;1,0336;4,5070;5,0826;0,0989;2,6677;0,1676;0,5670;2,8936;0,3613;0,3678;0,8500;2,1631;0,1148;1,1429;0,4211;0,0706;0,1955;0,2183;0,7080;0,9241;2,5161;4,7419;0,2821;0,5562;5,3073;22;022/A/NBP/2025;
20250204;0,1208;4,0864;2,5367;0,5247;2,8330;2,2913;3,0135;4,2249;1,0354;4,4924;5,0777;0,0978;2,6306;0,1677;0,5663;2,8780;0,3605;0,3696;0,8490;2,1601;0,1136;1,1434;0,4144;0,0702;0,2001;0,2181;0,7037;0,9195;2,5001;4,6931;0,2805;0,5555;5,3363;23;023/A/NBP/2025;
20250205;0,1204;4,0426;2,5383;0,5191;2,8298;2,2971;2,9945;4,2059;1,0350;4,4779;5,0603;0,0970;2,6449;0,1672;0,5638;2,8612;0,3613;0,3701;0,8451;2,1504;0,1124;1,1359;0,4158;0,0697;0,1966;0,2172;0,7020;0,9141;2,4824;4,6219;0,2797;0,5559;5,2966;24;024/A/NBP/2025;
20250206;0,1202;4,0613;2,5429;0,5216;2,8285;2,2974;3,0001;4,2073;1,0336;4,4861;5,0468;0,0979;2,6602;0,1675;0,5640;2,8660;0,3607;0,3713;0,8454;2,1511;0,1129;1,1450;0,4181;0,0699;0,1972;0,2181;0,6997;0,9157;2,4870;4,6369;0,2799;0,5569;5,2795;25;025/A/NBP/2025;
20250207;0,1198;4,0321;2,5378;0,5177;2,8174;2,2928;2,9870;4,1898;1,0356;4,4506;5,0237;0,0972;2,6556;0,1671;0,5616;2,8541;0,3598;0,3708;0,8418;2,1422;0,1120;1,1361;0,4186;0,0695;0,1967;0,2189;0,6998;0,9081;2,4775;4,6115;0,2790;0,5533;5,2758;26;026/A/NBP/2025;
20250210;0,1196;4,0548;2,5460;0,5205;2,8303;2,2942;2,9959;4,1872;1,0334;4,4545;5,0312;0,0974;2,6640;0,1669;0,5613;2,8562;0,3610;0,3711;0,8413;2,1409;0,1125;1,1334;0,4209;0,0697;0,1969;0,2196;0,6979;0,9071;2,4806;4,6368;0,2797;0,5551;5,2700;27;027/A/NBP/2025;
20250211;0,1189;4,0497;2,5419;0,5196;2,8252;2,2866;2,9886;4,1783;1,0354;4,4412;5,0076;0,0971;2,6651;0,1665;0,5602;2,8501;0,3608;0,3706;0,8393;2,1364;0,1122;1,1292;0,4207;0,0696;0,1966;0,2191;0,6997;0,9059;2,4730;4,6638;0,2786;0,5541;5,2755;28;028/A/NBP/2025;
20250212;0,1179;4,0215;2,5248;0,5164;2,8108;2,2687;2,9724;4,1721;1,0374;4,4166;5,0055;0,0961;2,6197;0,1663;0,5594;2,8420;0,3572;0,3695;0,8382;2,1331;0,1113;1,1188;0,4183;0,0691;0,1956;0,2182;0,6978;0,8994;2,4576;4,6289;0,2767;0,5502;5,2642;29;029/A/NBP/2025;
20250213;0,1181;3,9960;2,5045;0,5130;2,7965;2,2526;2,9613;4,1652;1,0383;4,4016;4,9916;0,0955;2,5952;0,1664;0,5585;2,8373;0,3546;0,3685;0,8368;2,1296;0,1103;1,1211;0,4200;0,0689;0,1943;0,2162;0,6931;0,8970;2,4433;4,5985;0,2758;0,5479;5,2400;30;030/A/NBP/2025;
20250214;0,1181;3,9720;2,5187;0,5103;2,8035;2,2672;2,9633;4,1632;1,0375;4,4043;4,9999;0,0955;2,6044;0,1662;0,5581;2,8263;0,3573;0,3708;0,8364;2,1286;0,1097;1,1142;0,4206;0,0688;0,1947;0,2161;0,6887;0,8956;2,4428;4,5749;0,2761;0,5469;5,2323;31;031/A/NBP/2025;
20250217;0,1179;3,9749;2,5307;0,5110;2,8011;2,2794;2,9633;4,1635;1,0343;4,4152;5,0048;0,0957;2,6183;0,1662;0,5581;2,8304;0,3573;0,3709;0,8364;2,1287;0,1096;1,1177;0,4225;0,0685;0,1949;0,2154;0,6969;0,8965;2,4514;4,5756;0,2754;0,5474;5,2072;32;032/A/NBP/2025;
20250218;0,1179;3,9729;2,5271;0,5109;2,7998;2,2685;2,9605;4,1574;1,0349;4,4124;5,0074;0,0955;2,6167;0,1658;0,5574;2,8339;0,3569;0,3707;0,8353;2,1256;0,1094;1,1141;0,4191;0,0683;0,1961;0,2161;0,6954;0,8937;2,4412;4,5685;0,2758;0,5457;5,1995;33;033/A/NBP/2025;
20250219;0,1183;3,9875;2,5347;0,5127;2,8080;2,2825;2,9694;4,1582;1,0356;4,4079;5,0247;0,0956;2,6290;0,1656;0,5574;2,8345;0,3581;0,3718;0,8354;2,1261;0,1097;1,1265;0,4198;0,0686;0,1970;0,2165;0,7008;0,8978;2,4415;4,5913;0,2767;0,5472;5,2170;34;034/A/NBP/2025;
20250220;0,1188;3,9974;2,5488;0,5140;2,8132;2,2903;2,9855;4,1723;1,0369;4,4313;5,0430;0,0958;2,6594;0,1662;0,5594;2,8558;0,3600;0,3739;0,8382;2,1332;0,1098;1,1287;0,4203;0,0690;0,1961;0,2160;0,6986;0,9023;2,4479;4,6128;0,2778;0,5503;5,2338;35;035/A/NBP/2025;
20250221;0,1185;3,9835;2,5439;0,5127;2,8059;2,2932;2,9784;4,1705;1,0307;4,4313;5,0393;0,0958;2,6472;0,1664;0,5592;2,8585;0,3584;0,3739;0,8379;2,1323;0,1093;1,1173;0,4224;0,0688;0,1958;0,2170;0,6985;0,9015;2,4431;4,5949;0,2777;0,5489;5,2363;36;036/A/NBP/2025;
20250224;0,1186;3,9734;2,5291;0,5111;2,7958;2,2829;2,9702;4,1609;1,0334;4,4187;5,0216;0,0953;2,6565;0,1658;0,5578;2,8558;0,3571;0,3732;0,8359;2,1274;0,1089;1,1119;0,4214;0,0687;0,1947;0,2157;0,6934;0,9009;2,4414;4,5826;0,2784;0,5482;5,2197;37;037/A/NBP/2025;
20250225;0,1171;3,9470;2,4995;0,5078;2,7666;2,2558;2,9461;4,1339;1,0315;4,4041;4,9830;0,0946;2,6385;0,1656;0,5542;2,8451;0,3547;0,3709;0,8307;2,1136;0,1081;1,1002;0,4183;0,0681;0,1927;0,2146;0,6830;0,8925;2,4148;4,5263;0,2753;0,5433;5,1866;38;038/A/NBP/2025;
20250226;0,1170;3,9434;2,4936;0,5073;2,7514;2,2500;2,9473;4,1394;1,0355;4,4076;4,9896;0,0947;2,6402;0,1662;0,5550;2,8410;0,3544;0,3715;0,8318;2,1164;0,1081;1,1046;0,4186;0,0681;0,1929;0,2141;0,6870;0,8904;2,4089;4,5284;0,2752;0,5433;5,1804;39;039/A/NBP/2025;
20250227;0,1164;3,9459;2,4868;0,5076;2,7546;2,2438;2,9430;4,1371;1,0353;4,3965;5,0031;0,0950;2,6333;0,1656;0,5547;2,8434;0,3535;0,3701;0,8311;2,1152;0,1081;1,1116;0,4189;0,0681;0,1937;0,2142;0,6799;0,8878;2,3987;4,5250;0,2735;0,5429;5,1831;40;040/A/NBP/2025;
20250228;0,1170;3,9993;2,4854;0,5142;2,7703;2,2402;2,9653;4,1575;1,0381;4,4344;5,0373;0,0966;2,6617;0,1661;0,5575;2,8613;0,3552;0,3721;0,8354;2,1257;0,1094;1,1130;0,4200;0,0690;0,1956;0,2160;0,6847;0,8962;2,4121;4,5695;0,2739;0,5493;5,2109;41;041/A/NBP/2025;
20250303;0,1174;4,0112;2,4967;0,5159;2,7806;2,2496;2,9754;4,1827;1,0406;4,4528;5,0656;0,0964;2,6681;0,1667;0,5608;2,8708;0,3577;0,3754;0,8402;2,1386;0,1099;1,1121;0,4179;0,0693;0,1963;0,2152;0,6816;0,8982;2,4340;4,5915;0,2750;0,5503;5,2590;42;042/A/NBP/2025;
20250304;0,1168;3,9543;2,4602;0,5086;2,7413;2,2243;2,9422;4,1568;1,0441;4,4356;5,0324;0,0951;2,6530;0,1658;0,5573;2,8452;0,3531;0,3753;0,8352;2,1253;0,1086;1,0950;0,4160;0,0686;0,1894;0,2129;0,6719;0,8853;2,4046;4,5307;0,2709;0,5439;5,2071;43;043/A/NBP/2025;
20250305;0,1153;3,8785;2,4372;0,4990;2,6968;2,2029;2,9030;4,1545;1,0439;4,3787;4,9787;0,0937;2,5962;0,1658;0,5570;2,8320;0,3516;0,3760;0,8347;2,1241;0,1066;1,0740;0,4103;0,0677;0,1891;0,2109;0,6590;0,8756;2,3778;4,4599;0,2679;0,5344;5,1841;44;044/A/NBP/2025;
20250306;0,1145;3,8674;2,4490;0,4976;2,6958;2,2175;2,9008;4,1766;1,0434;4,3645;4,9798;0,0936;2,6150;0,1666;0,5599;2,8393;0,3559;0,3829;0,8393;2,1354;0,1058;1,0698;0,4161;0,0675;0,1890;0,2110;0,6738;0,8735;2,3683;4,4395;0,2671;0,5338;5,1648;45;045/A/NBP/2025;
20250307;0,1143;3,8448;2,4274;0,4947;2,6887;2,2020;2,8929;4,1760;1,0469;4,3762;4,9747;0,0933;2,6073;0,1668;0,5599;2,8389;0,3549;0,3811;0,8393;2,1351;0,1054;1,0641;0,4138;0,0673;0,1900;0,2129;0,6671;0,8708;2,3595;4,4248;0,2663;0,5318;5,1394;46;046/A/NBP/2025;
20250310;0,1141;3,8573;2,4404;0,4966;2,6868;2,2141;2,8979;4,1857;1,0488;4,3977;4,9797;0,0934;2,6199;0,1677;0,5612;2,8494;0,3589;0,3812;0,8410;2,1401;0,1055;1,0666;0,4149;0,0672;0,1904;0,2109;0,6661;0,8720;2,3606;4,4171;0,2652;0,5313;5,1321;47;047/A/NBP/2025;
20250311;0,1138;3,8481;2,4210;0,4953;2,6706;2,1968;2,8900;4,1977;1,0476;4,3669;4,9771;0,0929;2,6109;0,1681;0,5628;2,8614;0,3611;0,3837;0,8434;2,1462;0,1051;1,0571;0,4076;0,0672;0,1893;0,2107;0,6572;0,8720;2,3457;4,4111;0,2651;0,5320;5,1522;48;048/A/NBP/2025;
20250312;0,1137;3,8496;2,4208;0,4955;2,6663;2,1977;2,8862;4,2017;1,0478;4,3568;4,9795;0,0927;2,5904;0,1680;0,5633;2,8564;0,3615;0,3824;0,8441;2,1483;0,1051;1,0570;0,4120;0,0672;0,1903;0,2095;0,6625;0,8689;2,3408;4,4145;0,2652;0,5314;5,1339;49;049/A/NBP/2025;
20250313;0,1142;3,8568;2,4261;0,4963;2,6843;2,1993;2,8898;4,1960;1,0501;4,3722;4,9982;0,0929;2,6032;0,1673;0,5625;2,8720;0,3619;0,3803;0,8432;2,1454;0,1051;1,0565;0,4115;0,0672;0,1912;0,2099;0,6651;0,8690;2,3481;4,4327;0,2651;0,5324;5,1357;50;050/A/NBP/2025;
20250314;0,1144;3,8509;2,4267;0,4954;2,6705;2,2024;2,8825;4,1790;1,0449;4,3531;4,9786;0,0927;2,5848;0,1666;0,5602;2,8604;0,3600;0,3779;0,8396;2,1367;0,1049;1,0446;0,4116;0,0672;0,1924;0,2114;0,6640;0,8661;2,3553;4,4271;0,2645;0,5323;5,1362;51;051/A/NBP/2025;
20250317;0,1140;3,8329;2,4326;0,4932;2,6695;2,2152;2,8755;4,1777;1,0463;4,3423;4,9646;0,0925;2,5780;0,1670;0,5599;2,8556;0,3624;0,3791;0,8394;2,1360;0,1044;1,0482;0,4120;0,0669;0,1924;0,2112;0,6671;0,8623;2,3372;4,4157;0,2646;0,5298;5,1123;52;052/A/NBP/2025;
20250318;0,1136;3,8152;2,4341;0,4910;2,6712;2,2224;2,8665;4,1776;1,0498;4,3370;4,9600;0,0918;2,5468;0,1668;0,5600;2,8594;0,3636;0,3801;0,8392;2,1360;0,1040;1,0435;0,4141;0,0666;0,1912;0,2114;0,6711;0,8583;2,3228;4,4075;0,2632;0,5281;5,1083;53;053/A/NBP/2025;
20250319;0,1144;3,8473;2,4360;0,4951;2,6861;2,2269;2,8858;4,1945;1,0506;4,3800;4,9914;0,0925;2,5685;0,1676;0,5624;2,8789;0,3632;0,3809;0,8428;2,1446;0,0999;1,0481;0,4194;0,0672;0,1926;0,2110;0,6781;0,8673;2,3282;4,4524;0,2640;0,5318;5,1210;54;054/A/NBP/2025;
20250320;0,1148;3,8675;2,4342;0,4976;2,6910;2,2224;2,8970;4,1972;1,0511;4,3844;5,0104;0,0930;2,6001;0,1677;0,5627;2,8966;0,3631;0,3797;0,8432;2,1460;0,1014;1,0566;0,4220;0,0676;0,1920;0,2123;0,6846;0,8738;2,3475;4,4772;0,2639;0,5339;5,1329;55;055/A/NBP/2025;
20250321;0,1145;3,8774;2,4372;0,4988;2,7046;2,2311;2,9032;4,1979;1,0515;4,3911;5,0148;0,0934;2,5955;0,1678;0,5627;2,9091;0,3675;0,3834;0,8434;2,1463;0,1018;1,0475;0,4182;0,0677;0,1920;0,2127;0,6832;0,8770;2,3500;4,5098;0,2650;0,5347;5,1571;56;056/A/NBP/2025;
20250324;0,1140;3,8590;2,4302;0,4965;2,6935;2,2158;2,8865;4,1832;1,0499;4,3764;5,0017;0,0926;2,5802;0,1676;0,5608;2,8949;0,3675;0,3821;0,8405;2,1388;0,1016;1,0389;0,4155;0,0673;0,1912;0,2123;0,6736;0,8703;2,3310;4,5072;0,2631;0,5319;5,1402;57;057/A/NBP/2025;
20250325;0,1136;3,8578;2,4295;0,4961;2,6943;2,2082;2,8836;4,1664;1,0446;4,3655;4,9879;0,0925;2,5634;0,1674;0,5585;2,8913;0,3670;0,3837;0,8373;2,1302;0,1015;1,0498;0,4156;0,0670;0,1927;0,2118;0,6696;0,8696;2,3247;4,4976;0,2628;0,5312;5,1156;58;058/A/NBP/2025;
20250326;0,1136;3,8614;2,4417;0,4966;2,7091;2,2229;2,8867;4,1686;1,0415;4,3696;4,9843;0,0929;2,5722;0,1673;0,5587;2,8929;0,3679;0,3846;0,8377;2,1313;0,1015;1,0518;0,4194;0,0669;0,1921;0,2117;0,6775;0,8718;2,3290;4,5049;0,2637;0,5314;5,1144;59;059/A/NBP/2025;
20250327;0,1148;3,8913;2,4544;0,5004;2,7242;2,2339;2,9040;4,1913;1,0467;4,4003;5,0276;0,0938;2,5782;0,1682;0,5618;2,9371;0,3688;0,3866;0,8421;2,1430;0,1019;1,0547;0,4206;0,0678;0,1930;0,2133;0,6785;0,8781;2,3499;4,5363;0,2655;0,5355;5,1536;60;060/A/NBP/2025;
20250328;0,1142;3,8817;2,4436;0,4990;2,7096;2,2197;2,8930;4,1819;1,0387;4,3976;5,0266;0,0935;2,5777;0,1676;0,5605;2,9306;0,3694;0,3860;0,8400;2,1381;0,1021;1,0539;0,4153;0,0676;0,1914;0,2138;0,6760;0,8747;2,3440;4,5417;0,2644;0,5345;5,1420;61;061/A/NBP/2025;
20250331;0,1139;3,8643;2,4180;0,4967;2,6932;2,1983;2,8810;4,1839;1,0410;4,3875;5,0020;0,0932;2,5923;0,1677;0,5608;2,9361;0,3676;0,3866;0,8405;2,1392;0,1018;1,0416;0,4063;0,0675;0,1895;0,2114;0,6710;0,8708;2,3335;4,5223;0,2623;0,5328;5,1369;62;062/A/NBP/2025;
20250401;0,1133;3,8656;2,4186;0,4968;2,6879;2,1953;2,8799;4,1818;1,0379;4,3800;4,9968;0,0934;2,5828;0,1676;0,5605;2,9264;0,3689;0,3867;0,8402;2,1381;0,1017;1,0447;0,4071;0,0675;0,1885;0,2102;0,6781;0,8711;2,3343;4,5173;0,2627;0,5318;5,1376;63;063/A/NBP/2025;
20250402;0,1133;3,8707;2,4412;0,4974;2,7063;2,2218;2,8813;4,1794;1,0421;4,3763;5,0011;0,0937;2,5863;0,1676;0,5602;2,9084;0,3705;0,3874;0,8396;2,1369;0,1020;1,0480;0,4083;0,0677;0,1902;0,2085;0,6812;0,8692;2,3374;4,5211;0,2646;0,5323;5,1419;64;064/A/NBP/2025;
20250403;0,1108;3,7968;2,4052;0,4879;2,6866;2,2003;2,8370;4,1791;1,0432;4,3827;4,9962;0,0917;2,5855;0,1674;0,5601;2,9042;0,3685;0,3912;0,8396;2,1367;0,0998;1,0250;0,3975;0,0665;0,1895;0,2018;0,6701;0,8524;2,2927;4,4396;0,2606;0,5200;5,1346;65;065/A/NBP/2025;
20250404;0,1128;3,8560;2,3932;0,4960;2,7287;2,1943;2,8859;4,2403;1,0474;4,5069;5,0063;0,0935;2,6336;0,1689;0,5683;2,9385;0,3668;0,3886;0,8518;2,1680;0,1013;1,0365;0,4061;0,0678;0,1918;0,2023;0,6846;0,8695;2,3285;4,5205;0,2671;0,5294;5,1191;66;066/A/NBP/2025;
20250407;0,1130;3,9097;2,3463;0,5034;2,7436;2,1752;2,9002;4,2975;1,0534;4,5933;5,0322;0,0951;2,6738;0,1705;0,5758;2,9658;0,3602;0,3883;0,8636;2,1973;0,1027;1,0314;0,3991;0,0681;0,1884;0,2021;0,6693;0,8740;2,3609;4,5542;0,2669;0,5346;5,2048;67;067/A/NBP/2025;
20250408;0,1128;3,9270;2,3812;0,5054;2,7696;2,1997;2,9079;4,2946;1,0528;4,5702;5,0077;0,0953;2,6636;0,1706;0,5753;2,9638;0,3599;0,3919;0,8628;2,1958;0,1032;1,0440;0,3969;0,0685;0,1908;0,2022;0,6642;0,8750;2,3282;4,5569;0,2654;0,5351;5,2222;68;068/A/NBP/2025;
20250409;0,1122;3,8828;2,3334;0,5004;2,7339;2,1594;2,8803;4,2818;1,0480;4,6068;4,9797;0,0941;2,6724;0,1701;0,5734;2,9550;0,3543;0,3880;0,8603;2,1893;0,1020;1,0238;0,3882;0,0677;0,1866;0,1976;0,6455;0,8641;2,3023;4,4844;0,2626;0,5283;5,2033;69;069/A/NBP/2025;
20250410;0,1129;3,8637;2,3773;0,4977;2,7450;2,1919;2,8827;4,2644;1,0505;4,5657;4,9722;0,0933;2,6407;0,1698;0,5712;2,9389;0,3556;0,3873;0,8567;2,1803;0,1015;1,0250;0,3935;0,0673;0,1893;0,1985;0,6640;0,8643;2,2998;4,4780;0,2637;0,5262;5,1575;70;070/A/NBP/2025;
20250411;0,1120;3,7606;2,3382;0,4849;2,7047;2,1850;2,8537;4,2972;1,0495;4,6249;4,9297;0,0908;2,6405;0,1710;0,5754;2,9615;0,3535;0,3864;0,8633;2,1971;0,0987;1,0095;0,3808;0,0660;0,1830;0,1945;0,6389;0,8506;2,2387;4,3682;0,2626;0,5142;5,1931;71;071/A/NBP/2025;
20250414;0,1122;3,7564;2,3803;0,4843;2,7143;2,2102;2,8582;4,2776;1,0428;4,5976;4,9475;0,0909;2,6284;0,1704;0,5728;2,9440;0,3562;0,3876;0,8593;2,1871;0,0987;1,0191;0,3866;0,0658;0,1858;0,1989;0,6404;0,8505;2,2393;4,3688;0,2648;0,5143;5,0980;72;072/A/NBP/2025;
20250415;0,1124;3,7692;2,3934;0,4860;2,7203;2,2262;2,8639;4,2767;1,0435;4,6257;4,9871;0,0916;2,6373;0,1706;0,5727;2,9474;0,3562;0,3872;0,8591;2,1866;0,0989;1,0210;0,3900;0,0665;0,1878;0,2007;0,6437;0,8538;2,2416;4,3953;0,2635;0,5152;5,0926;73;073/A/NBP/2025;
20250416;0,1138;3,7851;2,4097;0,4879;2,7211;2,2411;2,8811;4,3033;1,0528;4,6317;5,0302;0,0919;2,6549;0,1718;0,5763;2,9617;0,3561;0,3864;0,8645;2,2003;0,0987;1,0264;0,3899;0,0666;0,1885;0,2003;0,6430;0,8577;2,2496;4,4186;0,2662;0,5172;5,1435;74;074/A/NBP/2025;
20250417;0,1132;3,7684;2,3947;0,4855;2,7158;2,2330;2,8720;4,2879;1,0518;4,6144;4,9891;0,0911;2,6417;0,1713;0,5742;2,9551;0,3574;0,3867;0,8613;2,1923;0,0980;1,0210;0,3893;0,0665;0,1891;0,1995;0,6423;0,8545;2,2398;4,4082;0,2659;0,5162;5,1157;75;075/A/NBP/2025;
20250418;0,1126;3,7661;2,3986;0,4852;2,7169;2,2318;2,8705;4,2823;1,0480;4,5982;4,9983;0,0910;2,6452;0,1709;0,5735;2,9513;0,3594;0,3912;0,8600;2,1895;0,0982;1,0220;0,3898;0,0664;0,1910;0,1994;0,6480;0,8528;2,2384;4,4103;0,2642;0,5157;5,1058;76;076/A/NBP/2025;
20250422;0,1121;3,7220;2,3851;0,4798;2,6936;2,2349;2,8487;4,2801;1,0458;4,5919;4,9824;0,0896;2,6487;0,1709;0,5733;2,9498;0,3587;0,3898;0,8597;2,1884;0,0973;1,0025;0,3872;0,0657;0,1895;0,1997;0,6409;0,8484;2,2082;4,3725;0,2611;0,5089;5,1031;77;077/A/NBP/2025;
20250423;0,1124;3,7583;2,4096;0,4844;2,7213;2,2497;2,8662;4,2893;1,0496;4,5750;5,0059;0,0901;2,6516;0,1712;0,5745;2,9602;0,3621;0,3931;0,8615;2,1931;0,0981;1,0225;0,3985;0,0664;0,1920;0,2030;0,6569;0,8545;2,2284;4,3963;0,2637;0,5153;5,0897;78;078/A/NBP/2025;
20250424;0,1123;3,7599;2,3975;0,4846;2,7150;2,2462;2,8642;4,2789;1,0504;4,5484;5,0011;0,0902;2,6360;0,1709;0,5731;2,9530;0,3601;0,3904;0,8596;2,1877;0,0978;1,0285;0,3991;0,0665;0,1919;0,2009;0,6591;0,8590;2,2287;4,4035;0,2619;0,5153;5,0880;79;079/A/NBP/2025;
20250425;0,1123;3,7611;2,4033;0,4848;2,7084;2,2431;2,8613;4,2688;1,0482;4,5278;5,0033;0,0900;2,6222;0,1710;0,5718;2,9460;0,3607;0,3896;0,8576;2,1826;0,0978;1,0411;0,4031;0,0668;0,1917;0,1998;0,6620;0,8595;2,2346;4,4031;0,2615;0,5162;5,0893;80;080/A/NBP/2025;
20250428;0,1120;3,7701;2,4052;0,4860;2,7154;2,2388;2,8685;4,2766;1,0545;4,5390;5,0248;0,0903;2,6260;0,1713;0,5729;2,9433;0,3617;0,3887;0,8592;2,1866;0,0979;1,0401;0,4029;0,0668;0,1930;0,2012;0,6629;0,8635;2,2368;4,4331;0,2610;0,5166;5,1023;81;081/A/NBP/2025;
20250429;0,1123;3,7458;2,4044;0,4828;2,7087;2,2349;2,8627;4,2646;1,0550;4,5404;5,0231;0,0901;2,6271;0,1711;0,5713;2,9190;0,3614;0,3900;0,8568;2,1804;0,0972;1,0337;0,3968;0,0667;0,1909;0,2019;0,6625;0,8658;2,2350;4,3954;0,2612;0,5151;5,0861;82;082/A/NBP/2025;
20250430;0,1126;3,7617;2,4039;0,4850;2,7180;2,2269;2,8811;4,2778;1,0571;4,5562;5,0283;0,0908;2,6336;0,1716;0,5731;2,9280;0,3632;0,3903;0,8594;2,1872;0,0974;1,0354;0,3979;0,0674;0,1924;0,2019;0,6693;0,8714;2,2663;4,4398;0,2646;0,5178;5,1044;83;083/A/NBP/2025;
20250502;0,1140;3,7722;2,4220;0,4864;2,7276;2,2351;2,8963;4,2750;1,0586;4,5654;5,0141;0,0904;2,6044;0,1716;0,5729;2,9341;0,3633;0,3896;0,8587;2,1858;0,0983;1,0432;0,3982;0,0678;0,1920;0,2044;0,6649;0,8827;2,2953;4,4777;0,2680;0,5186;5,0975;84;084/A/NBP/2025;
20250505;0,1143;3,7752;2,4455;0,4871;2,7338;2,2539;2,9212;4,2760;1,0576;4,5764;5,0144;0,0907;2,6207;0,1718;0,5730;2,9268;0,3630;0,3905;0,8589;2,1863;0,0977;1,0429;0,3985;0,0678;0,1928;0,2057;0,6673;0,8963;2,2971;4,4735;0,2728;0,5187;5,1043;85;085/A/NBP/2025;
20250506;0,1157;3,7789;2,4383;0,4876;2,7346;2,2594;2,9277;4,2806;1,0564;4,5855;5,0319;0,0912;2,6401;0,1714;0,5736;2,9140;0,3637;0,3919;0,8470;2,1886;0,0978;1,0452;0,4015;0,0680;0,1914;0,2071;0,6644;0,8941;2,2972;4,4758;0,2731;0,5236;5,1174;86;086/A/NBP/2025;
20250507;0,1152;3,7642;2,4364;0,4853;2,7293;2,2561;2,9149;4,2757;1,0567;4,5595;5,0205;0,0909;2,6266;0,1714;0,5730;2,9146;0,3662;0,3924;0,8384;2,1861;0,0973;1,0492;0,4008;0,0680;0,1916;0,2056;0,6587;0,8881;2,2767;4,4368;0,2704;0,5209;5,1191;87;087/A/NBP/2025;
20250508;0,1152;3,7840;2,4271;0,4871;2,7294;2,2402;2,9169;4,2714;1,0550;4,5762;5,0199;0,0911;2,6130;0,1716;0,5726;2,9156;0,3649;0,3908;0,8329;2,1839;0,0976;1,0563;0,4001;0,0679;0,1932;0,2073;0,6586;0,8848;2,2942;4,4303;0,2702;0,5229;5,1027;88;088/A/NBP/2025;
20250509;0,1142;3,7681;2,4144;0,4844;2,7086;2,2230;2,9030;4,2414;1,0483;4,5389;5,0002;0,0908;2,5953;0,1701;0,5685;2,8912;0,3630;0,3893;0,8291;2,1686;0,0971;1,0561;0,4028;0,0679;0,1931;0,2073;0,6655;0,8764;2,2816;4,4061;0,2692;0,5200;5,0766;89;089/A/NBP/2025;
20250512;0,1139;3,8011;2,4367;0,4878;2,7236;2,2389;2,9130;4,2337;1,0457;4,5164;5,0156;0,0915;2,5727;0,1696;0,5676;2,8820;0,3650;0,3887;0,8299;2,1646;0,0980;1,0725;0,4058;0,0684;0,1947;0,2085;0,6728;0,8846;2,3016;4,4796;0,2679;0,5271;5,0802;90;090/A/NBP/2025;
20250513;0,1152;3,8266;2,4515;0,4908;2,7357;2,2543;2,9317;4,2525;1,0494;4,5564;5,0556;0,0923;2,5872;0,1704;0,5700;2,8988;0,3681;0,3927;0,8343;2,1742;0,0985;1,0666;0,4043;0,0686;0,1955;0,2092;0,6748;0,8859;2,3170;4,4827;0,2685;0,5316;5,1382;91;091/A/NBP/2025;
20250514;0,1136;3,7775;2,4519;0,4842;2,7151;2,2512;2,9118;4,2455;1,0503;4,5206;5,0419;0,0909;2,5829;0,1703;0,5692;2,9139;0,3671;0,3905;0,8316;2,1707;0,0973;1,0609;0,4016;0,0677;0,1951;0,2075;0,6736;0,8785;2,2825;4,4271;0,2708;0,5240;5,1333;92;092/A/NBP/2025;
20250515;0,1135;3,7804;2,4274;0,4840;2,7039;2,2271;2,9137;4,2378;1,0509;4,5184;5,0238;0,0911;2,5937;0,1701;0,5680;2,9206;0,3642;0,3892;0,8300;2,1667;0,0972;1,0683;0,4013;0,0678;0,1950;0,2076;0,6705;0,8831;2,2891;4,4162;0,2706;0,5242;5,1045;93;093/A/NBP/2025;
20250516;0,1138;3,7853;2,4330;0,4845;2,7129;2,2364;2,9183;4,2392;1,0520;4,5310;5,0371;0,0912;2,6051;0,1701;0,5682;2,9296;0,3645;0,3883;0,8304;2,1674;0,0975;1,0676;0,4030;0,0680;0,1944;0,2096;0,6662;0,8813;2,3025;4,4184;0,2713;0,5254;5,1125;94;094/A/NBP/2025;
20250519;0,1150;3,8004;2,4453;0,4860;2,7239;2,2422;2,9363;4,2785;1,0621;4,5608;5,0801;0,0914;2,6232;0,1717;0,5734;2,9325;0,3681;0,3911;0,8525;2,1875;0,0978;1,0737;0,4024;0,0682;0,1953;0,2109;0,6710;0,8849;2,3131;4,4515;0,2735;0,5270;5,1571;95;095/A/NBP/2025;
20250520;0,1140;3,7747;2,4227;0,4821;2,7076;2,2343;2,9138;4,2497;1,0560;4,5376;5,0483;0,0909;2,6125;0,1707;0,5697;2,9127;0,3676;0,3909;0,8372;2,1728;0,0970;1,0715;0,4026;0,0678;0,1959;0,2090;0,6685;0,8802;2,2995;4,4147;0,2711;0,5228;5,1071;96;096/A/NBP/2025;
20250521;0,1142;3,7452;2,4117;0,4781;2,6954;2,2201;2,9003;4,2403;1,0532;4,5365;5,0178;0,0904;2,5986;0,1704;0,5685;2,9264;0,3679;0,3908;0,8353;2,1680;0,0963;1,0558;0,3965;0,0673;0,1940;0,2089;0,6608;0,8765;2,2843;4,3703;0,2698;0,5197;5,0994;97;097/A/NBP/2025;
20250522;0,1145;3,7559;2,4177;0,4799;2,7074;2,2231;2,9103;4,2447;1,0527;4,5456;5,0334;0,0904;2,6212;0,1704;0,5690;2,9395;0,3690;0,3913;0,8381;2,1703;0,0963;1,0518;0,3979;0,0675;0,1941;0,2091;0,6653;0,8814;2,3000;4,3654;0,2713;0,5212;5,0867;98;098/A/NBP/2025;
20250523;0,1150;3,7506;2,4206;0,4790;2,7145;2,2292;2,9156;4,2541;1,0546;4,5392;5,0587;0,0904;2,6172;0,1709;0,5703;2,9379;0,3702;0,3928;0,8418;2,1751;0,0961;1,0421;0,3977;0,0678;0,1946;0,2097;0,6560;0,8864;2,3127;4,3928;0,2740;0,5218;5,0964;99;099/A/NBP/2025;
20250526;0,1146;3,7344;2,4320;0,4765;2,7231;2,2474;2,9080;4,2514;1,0526;4,5450;5,0651;0,0898;2,6133;0,1709;0,5700;2,9320;0,3707;0,3931;0,8402;2,1737;0,0957;1,0440;0,3973;0,0674;0,1942;0,2088;0,6613;0,8849;2,2995;4,3894;0,2724;0,5196;5,1104;100;100/A/NBP/2025;
20250527;0,1144;3,7430;2,4140;0,4777;2,7198;2,2305;2,9085;4,2479;1,0501;4,5369;5,0664;0,0898;2,6017;0,1706;0,5694;2,9418;0,3692;0,3912;0,8390;2,1719;0,0961;1,0568;0,3978;0,0674;0,1942;0,2092;0,6604;0,8833;2,3002;4,3813;0,2724;0,5203;5,1062;101;101/A/NBP/2025;
20250528;0,1148;3,7456;2,4149;0,4779;2,7109;2,2379;2,9088;4,2447;1,0524;4,5306;5,0601;0,0900;2,6004;0,1704;0,5691;2,9477;0,3689;0,3899;0,8400;2,1703;0,0958;1,0591;0,3996;0,0675;0,1942;0,2093;0,6643;0,8861;2,2993;4,3883;0,2733;0,5211;5,0753;102;102/A/NBP/2025;
20250529;0,1148;3,7588;2,4194;0,4795;2,7177;2,2401;2,9129;4,2369;1,0478;4,5300;5,0593;0,0905;2,5875;0,1698;0,5680;2,9382;0,3690;0,3894;0,8359;2,1663;0,0958;1,0697;0,3993;0,0674;0,1940;0,2095;0,6606;0,8865;2,3074;4,3968;0,2733;0,5228;5,0793;103;103/A/NBP/2025;
20250530;0,1145;3,7537;2,4079;0,4786;2,7167;2,2338;2,9073;4,2507;1,0520;4,5555;5,0552;0,0904;2,6056;0,1704;0,5699;2,9478;0,3685;0,3907;0,8391;2,1733;0,0956;1,0671;0,4010;0,0673;0,1944;0,2100;0,6620;0,8832;2,3043;4,3832;0,2720;0,5216;5,1046;104;104/A/NBP/2025;
20250602;0,1146;3,7282;2,4152;0,4753;2,7224;2,2425;2,8984;4,2578;1,0568;4,5592;5,0490;0,0895;2,6084;0,1709;0,5707;2,9486;0,3689;0,3920;0,8415;2,1770;0,0950;1,0610;0,3944;0,0669;0,1927;0,2081;0,6514;0,8759;2,2951;4,3663;0,2710;0,5212;5,1131;105;105/A/NBP/2025;
20250603;0,1151;3,7437;2,4167;0,4772;2,7266;2,2456;2,9082;4,2721;1,0594;4,5718;5,0590;0,0898;2,6215;0,1717;0,5726;2,9585;0,3699;0,3907;0,8448;2,1843;0,0955;1,0602;0,3987;0,0673;0,1946;0,2095;0,6598;0,8815;2,2989;4,3758;0,2724;0,5208;5,1116;106;106/A/NBP/2025;
20250604;0,1148;3,7525;2,4297;0,4782;2,7375;2,2566;2,9120;4,2778;1,0606;4,5640;5,0808;0,0904;2,6079;0,1722;0,5735;2,9584;0,3713;0,3914;0,8457;2,1872;0,0954;1,0673;0,3988;0,0673;0,1954;0,2111;0,6655;0,8833;2,3035;4,3675;0,2746;0,5219;5,0981;107;107/A/NBP/2025;
20250605;0,1152;3,7495;2,4389;0,4779;2,7443;2,2647;2,9176;4,2791;1,0603;4,5700;5,0869;0,0904;2,6166;0,1726;0,5737;2,9593;0,3713;0,3908;0,8466;2,1878;0,0953;1,0781;0,3997;0,0674;0,1954;0,2107;0,6657;0,8865;2,3038;4,3697;0,2757;0,5222;5,1123;108;108/A/NBP/2025;
20250606;0,1152;3,7565;2,4379;0,4788;2,7461;2,2637;2,9205;4,2881;1,0627;4,5696;5,0867;0,0907;2,6077;0,1731;0,5748;2,9696;0,3721;0,3912;0,8504;2,1924;0,0956;1,0713;0,4039;0,0673;0,1961;0,2114;0,6726;0,8886;2,3082;4,3778;0,2765;0,5229;5,1197;109;109/A/NBP/2025;
20250609;0,1146;3,7427;2,4428;0,4769;2,7364;2,2674;2,9130;4,2772;1,0624;4,5628;5,0798;0,0901;2,5961;0,1725;0,5733;2,9703;0,3720;0,3897;0,8480;2,1869;0,0953;1,0735;0,4005;0,0670;0,1962;0,2111;0,6728;0,8836;2,2996;4,3714;0,2765;0,5210;5,1005;110;110/A/NBP/2025;
20250610;0,1143;3,7352;2,4332;0,4759;2,7251;2,2576;2,9033;4,2611;1,0611;4,5486;5,0380;0,0898;2,5823;0,1719;0,5712;2,9591;0,3699;0,3889;0,8463;2,1786;0,0952;1,0691;0,3988;0,0669;0,1960;0,2107;0,6720;0,8820;2,2958;4,3615;0,2733;0,5197;5,0825;111;111/A/NBP/2025;
20250611;0,1144;3,7306;2,4286;0,4753;2,7267;2,2504;2,9000;4,2643;1,0645;4,5382;5,0340;0,0899;2,5714;0,1721;0,5717;2,9696;0,3687;0,3884;0,8483;2,1803;0,0951;1,0678;0,3967;0,0668;0,1960;0,2105;0,6694;0,8804;2,2951;4,3608;0,2716;0,5192;5,0866;112;112/A/NBP/2025;
20250612;0,1137;3,6929;2,4009;0,4705;2,7045;2,2283;2,8832;4,2631;1,0635;4,5333;5,0098;0,0889;2,5681;0,1721;0,5715;2,9687;0,3685;0,3889;0,8473;2,1797;0,0937;1,0346;0,3953;0,0663;0,1950;0,2069;0,6670;0,8738;2,2747;4,3127;0,2728;0,5144;5,0742;113;113/A/NBP/2025;
20250613;0,1143;3,7056;2,4047;0,4721;2,7216;2,2304;2,8897;4,2720;1,0614;4,5604;5,0247;0,0894;2,5770;0,1721;0,5728;2,9667;0,3726;0,3902;0,8489;2,1843;0,0939;1,0327;0,3984;0,0659;0,1951;0,2065;0,6692;0,8725;2,2740;4,3043;0,2712;0,5159;5,0834;114;114/A/NBP/2025;
20250616;0,1133;3,6804;2,3969;0,4689;2,7117;2,2226;2,8734;4,2612;1,0616;4,5317;4,9976;0,0886;2,5511;0,1719;0,5714;2,9592;0,3722;0,3890;0,8472;2,1787;0,0933;1,0386;0,3925;0,0653;0,1949;0,2063;0,6639;0,8675;2,2628;4,2760;0,2706;0,5126;5,0292;115;115/A/NBP/2025;
20250617;0,1135;3,7005;2,4179;0,4714;2,7274;2,2449;2,8868;4,2750;1,0611;4,5527;5,0138;0,0892;2,5539;0,1723;0,5732;2,9770;0,3738;0,3895;0,8509;2,1858;0,0938;1,0558;0,3953;0,0656;0,1953;0,2077;0,6739;0,8720;2,2732;4,2903;0,2712;0,5151;5,0644;116;116/A/NBP/2025;
20250618;0,1139;3,7137;2,4132;0,4731;2,7175;2,2377;2,8900;4,2717;1,0580;4,5446;4,9964;0,0892;2,5617;0,1722;0,5727;2,9747;0,3733;0,3880;0,8492;2,1841;0,0939;1,0607;0,3929;0,0651;0,1955;0,2059;0,6760;0,8737;2,2784;4,2952;0,2700;0,5168;5,0456;117;117/A/NBP/2025;
20250620;0,1129;3,7067;2,4047;0,4722;2,7062;2,2222;2,8843;4,2709;1,0605;4,5423;5,0002;0,0885;2,5505;0,1721;0,5726;2,9950;0,3687;0,3854;0,8462;2,1837;0,0933;1,0635;0,3939;0,0648;0,1949;0,2054;0,6749;0,8710;2,2623;4,2801;0,2708;0,5161;5,0441;118;118/A/NBP/2025;
20250623;0,1128;3,7212;2,3825;0,4740;2,7007;2,2006;2,8810;4,2727;1,0585;4,5495;4,9918;0,0889;2,5210;0,1720;0,5728;2,9879;0,3660;0,3829;0,8476;2,1846;0,0936;1,0720;0,3954;0,0646;0,1938;0,2062;0,6750;0,8678;2,2573;4,2904;0,2683;0,5176;5,0576;119;119/A/NBP/2025;
20250624;0,1125;3,6753;2,3900;0,4682;2,6795;2,2134;2,8682;4,2604;1,0603;4,5294;4,9984;0,0879;2,5329;0,1718;0,5711;2,9919;0,3643;0,3846;0,8440;2,1783;0,0926;1,0810;0,3875;0,0643;0,1931;0,2076;0,6688;0,8649;2,2477;4,2724;0,2707;0,5121;5,0452;120;120/A/NBP/2025;
20250625;0,1122;3,6590;2,3772;0,4661;2,6663;2,2042;2,8608;4,2479;1,0597;4,5427;4,9843;0,0878;2,5150;0,1715;0,5694;2,9957;0,3616;0,3843;0,8411;2,1720;0,0920;1,0745;0,3907;0,0645;0,1927;0,2063;0,6639;0,8639;2,2462;4,2522;0,2688;0,5103;5,0308;121;121/A/NBP/2025;
20250626;0,1119;3,6222;2,3705;0,4614;2,6469;2,1980;2,8458;4,2479;1,0617;4,5306;4,9805;0,0871;2,5166;0,1716;0,5694;2,9873;0,3590;0,3836;0,8383;2,1719;0,0908;1,0714;0,3863;0,0640;0,1919;0,2057;0,6519;0,8578;2,2354;4,2255;0,2675;0,5053;5,0051;122;122/A/NBP/2025;
20250627;0,1109;3,6177;2,3700;0,4608;2,6521;2,1968;2,8350;4,2362;1,0606;4,5307;4,9721;0,0869;2,5049;0,1713;0,5678;2,9832;0,3604;0,3829;0,8346;2,1659;0,0906;1,0696;0,3883;0,0640;0,1917;0,2025;0,6603;0,8555;2,2326;4,2312;0,2663;0,5047;4,9948;123;123/A/NBP/2025;
20250630;0,1114;3,6164;2,3646;0,4607;2,6446;2,1950;2,8368;4,2419;1,0625;4,5336;4,9546;0,0865;2,5095;0,1715;0,5686;2,9873;0,3590;0,3810;0,8354;2,1689;0,0908;1,0734;0,3848;0,0642;0,1919;0,2030;0,6602;0,8585;2,2276;4,2248;0,2671;0,5047;4,9776;124;124/A/NBP/2025;
20250701;0,1109;3,5930;2,3668;0,4577;2,6424;2,1973;2,8282;4,2415;1,0628;4,5495;4,9487;0,0859;2,5119;0,1717;0,5685;2,9828;0,3584;0,3811;0,8355;2,1686;0,0901;1,0677;0,3856;0,0638;0,1922;0,2042;0,6615;0,8569;2,2193;4,2002;0,2657;0,5017;4,9726;125;125/A/NBP/2025;
20250702;0,1112;3,6090;2,3689;0,4598;2,6444;2,1928;2,8331;4,2500;1,0649;4,5540;4,9450;0,0862;2,5069;0,1724;0,5696;2,9804;0,3575;0,3798;0,8387;2,1730;0,0904;1,0660;0,3888;0,0640;0,1925;0,2040;0,6612;0,8541;2,2225;4,2101;0,2656;0,5036;4,9618;126;126/A/NBP/2025;
20250703;0,1117;3,6137;2,3768;0,4603;2,6595;2,1960;2,8398;4,2634;1,0664;4,5630;4,9376;0,0867;2,5115;0,1728;0,5714;2,9856;0,3586;0,3787;0,8423;2,1798;0,0906;1,0753;0,3904;0,0643;0,1925;0,2065;0,6659;0,8564;2,2320;4,2343;0,2656;0,5046;4,9892;127;127/A/NBP/2025;
20250704;0,1116;3,6108;2,3681;0,4600;2,6568;2,1899;2,8341;4,2515;1,0661;4,5510;4,9339;0,0865;2,5015;0,1727;0,5698;2,9856;0,3582;0,3780;0,8402;2,1737;0,0905;1,0813;0,3883;0,0640;0,1936;0,2053;0,6675;0,8547;2,2309;4,2263;0,2646;0,5039;4,9671;128;128/A/NBP/2025;
20250707;0,1111;3,6269;2,3543;0,4620;2,6509;2,1734;2,8355;4,2524;1,0639;4,5500;4,9258;0,0867;2,4956;0,1727;0,5700;2,9862;0,3576;0,3807;0,8396;2,1742;0,0906;1,0859;0,3898;0,0640;0,1937;0,2038;0,6690;0,8552;2,2346;4,2169;0,2646;0,5055;4,9682;129;129/A/NBP/2025;
20250708;0,1111;3,6135;2,3637;0,4603;2,6481;2,1751;2,8271;4,2455;1,0628;4,5370;4,9189;0,0863;2,4717;0,1722;0,5691;2,9772;0,3590;0,3806;0,8376;2,1707;0,0902;1,0771;0,3832;0,0641;0,1940;0,2031;0,6584;0,8517;2,2299;4,2142;0,2641;0,5037;4,9671;130;130/A/NBP/2025;
20250709;0,1107;3,6198;2,3638;0,4611;2,6452;2,1718;2,8258;4,2399;1,0584;4,5451;4,9232;0,0867;2,4677;0,1721;0,5683;2,9650;0,3587;0,3803;0,8353;2,1679;0,0903;1,0833;0,3851;0,0640;0,1946;0,2027;0,6644;0,8510;2,2286;4,2234;0,2629;0,5040;4,9621;131;131/A/NBP/2025;
20250710;0,1112;3,6209;2,3741;0,4612;2,6478;2,1772;2,8292;4,2464;1,0642;4,5535;4,9265;0,0865;2,4739;0,1724;0,5691;2,9612;0,3597;0,3811;0,8363;2,1712;0,0901;1,0939;0,3815;0,0642;0,1944;0,2041;0,6485;0,8515;2,2324;4,2259;0,2640;0,5044;4,9738;132;132/A/NBP/2025;
20250711;0,1120;3,6432;2,3946;0,4641;2,6594;2,1902;2,8443;4,2563;1,0647;4,5695;4,9314;0,0872;2,4787;0,1726;0,5704;2,9806;0,3597;0,3820;0,8378;2,1762;0,0905;1,0944;0,3835;0,0645;0,1950;0,2042;0,6585;0,8565;2,2475;4,2410;0,2649;0,5080;4,9863;133;133/A/NBP/2025;
20250714;0,1126;3,6475;2,3951;0,4647;2,6659;2,1843;2,8464;4,2614;1,0650;4,5760;4,9151;0,0871;2,4758;0,1727;0,5711;2,9926;0,3603;0,3798;0,8390;2,1789;0,0907;1,0853;0,3814;0,0643;0,1952;0,2039;0,6558;0,8573;2,2453;4,2407;0,2640;0,5087;4,9957;134;134/A/NBP/2025;
20250715;0,1123;3,6396;2,3898;0,4637;2,6598;2,1823;2,8419;4,2538;1,0626;4,5732;4,8942;0,0870;2,4647;0,1724;0,5700;2,9872;0,3584;0,3784;0,8375;2,1750;0,0904;1,0875;0,3763;0,0642;0,1948;0,2047;0,6513;0,8581;2,2384;4,2413;0,2641;0,5074;4,9820;135;135/A/NBP/2025;
20250716;0,1127;3,6631;2,3889;0,4666;2,6700;2,1768;2,8514;4,2585;1,0643;4,5719;4,9055;0,0876;2,4611;0,1728;0,5706;2,9905;0,3566;0,3766;0,8388;2,1774;0,0909;1,0899;0,3790;0,0642;0,1948;0,2044;0,6590;0,8631;2,2514;4,2634;0,2641;0,5103;4,9939;136;136/A/NBP/2025;
20250717;0,1130;3,6686;2,3744;0,4674;2,6695;2,1736;2,8528;4,2559;1,0654;4,5662;4,9195;0,0876;2,4687;0,1727;0,5703;2,9929;0,3559;0,3764;0,8390;2,1760;0,0908;1,0938;0,3790;0,0640;0,1952;0,2051;0,6588;0,8634;2,2464;4,2665;0,2639;0,5111;5,0046;137;137/A/NBP/2025;
20250718;0,1128;3,6535;2,3815;0,4654;2,6618;2,1794;2,8444;4,2509;1,0653;4,5537;4,9089;0,0875;2,4585;0,1726;0,5695;2,9978;0,3573;0,3776;0,8379;2,1735;0,0904;1,0895;0,3794;0,0638;0,1951;0,2064;0,6584;0,8604;2,2428;4,2396;0,2626;0,5090;5,0040;138;138/A/NBP/2025;
20250721;0,1126;3,6455;2,3758;0,4644;2,6570;2,1744;2,8413;4,2445;1,0636;4,5554;4,9041;0,0871;2,4651;0,1724;0,5687;2,9807;0,3572;0,3777;0,8373;2,1702;0,0902;1,0850;0,3782;0,0638;0,1947;0,2060;0,6533;0,8612;2,2353;4,2264;0,2628;0,5080;4,9758;139;139/A/NBP/2025;
20250722;0,1125;3,6353;2,3670;0,4631;2,6572;2,1613;2,8358;4,2531;1,0653;4,5612;4,9044;0,0870;2,4628;0,1727;0,5697;2,9867;0,3569;0,3793;0,8389;2,1746;0,0899;1,0838;0,3810;0,0637;0,1945;0,2060;0,6530;0,8592;2,2289;4,2088;0,2620;0,5067;4,9813;140;140/A/NBP/2025;
20250723;0,1127;3,6260;2,3871;0,4619;2,6696;2,1872;2,8366;4,2544;1,0657;4,5746;4,9102;0,0868;2,4701;0,1728;0,5700;2,9876;0,3604;0,3820;0,8391;2,1753;0,0896;1,0893;0,3814;0,0637;0,1944;0,2066;0,6516;0,8574;2,2259;4,1958;0,2629;0,5061;4,9779;141;141/A/NBP/2025;
20250724;0,1122;3,6158;2,3937;0,4606;2,6579;2,1895;2,8329;4,2514;1,0681;4,5543;4,8974;0,0866;2,4674;0,1731;0,5696;2,9897;0,3585;0,3802;0,8384;2,1737;0,0891;1,0832;0,3814;0,0638;0,1950;0,2055;0,6554;0,8576;2,2203;4,1851;0,2639;0,5053;4,9719;142;142/A/NBP/2025;
20250725;0,1119;3,6228;2,3796;0,4616;2,6491;2,1773;2,8295;4,2544;1,0735;4,5514;4,8772;0,0867;2,4519;0,1734;0,5700;2,9918;0,3565;0,3801;0,8390;2,1753;0,0893;1,0778;0,3812;0,0634;0,1953;0,2044;0,6561;0,8576;2,2205;4,1842;0,2621;0,5055;4,9660;143;143/A/NBP/2025;
20250728;0,1124;3,6446;2,3772;0,4643;2,6546;2,1780;2,8390;4,2565;1,0719;4,5607;4,8911;0,0872;2,4579;0,1731;0,5703;2,9933;0,3575;0,3816;0,8397;2,1763;0,0898;1,0866;0,3782;0,0638;0,1957;0,2040;0,6554;0,8614;2,2305;4,2091;0,2631;0,5081;4,9731;144;144/A/NBP/2025;
20250729;0,1139;3,6941;2,4064;0,4706;2,6879;2,2016;2,8702;4,2737;1,0700;4,5880;4,9284;0,0883;2,4866;0,1736;0,5727;3,0054;0,3620;0,3828;0,8419;2,1851;0,0910;1,1001;0,3816;0,0644;0,1965;0,2060;0,6610;0,8725;2,2533;4,2519;0,2657;0,5148;5,0100;145;145/A/NBP/2025;
20250730;0,1139;3,6981;2,4039;0,4710;2,6848;2,2030;2,8724;4,2732;1,0712;4,5958;4,9430;0,0885;2,4989;0,1739;0,5726;3,0051;0,3630;0,3832;0,8419;2,1848;0,0910;1,0987;0,3807;0,0642;0,1977;0,2072;0,6632;0,8725;2,2559;4,2304;0,2677;0,5149;5,0480;146;146/A/NBP/2025;
20250731;0,1141;3,7257;2,4058;0,4746;2,6924;2,2033;2,8762;4,2661;1,0670;4,5838;4,9362;0,0893;2,4899;0,1735;0,5717;3,0001;0,3616;0,3825;0,8403;2,1813;0,0915;1,1012;0,3796;0,0639;0,1979;0,2063;0,6680;0,8739;2,2641;4,2538;0,2675;0,5180;5,0384;147;147/A/NBP/2025;
20250801;0,1143;3,7536;2,4106;0,4781;2,7049;2,2011;2,8895;4,2813;1,0710;4,5937;4,9398;0,0898;2,4920;0,1744;0,5737;3,0108;0,3625;0,3824;0,8434;2,1890;0,0922;1,0981;0,3854;0,0645;0,1980;0,2051;0,6703;0,8769;2,2763;4,2920;0,2669;0,5204;5,0680;148;148/A/NBP/2025;
20250804;0,1139;3,6977;2,3952;0,4710;2,6824;2,1857;2,8707;4,2734;1,0736;4,5700;4,9091;0,0885;2,4999;0,1739;0,5726;2,9884;0,3602;0,3820;0,8421;2,1849;0,0908;1,0859;0,3814;0,0644;0,1958;0,2055;0,6675;0,8722;2,2558;4,2180;0,2669;0,5152;5,0695;149;149/A/NBP/2025;
20250805;0,1145;3,7066;2,3919;0,4722;2,6847;2,1822;2,8754;4,2763;1,0701;4,5702;4,9226;0,0889;2,5116;0,1737;0,5730;2,9904;0,3610;0,3828;0,8426;2,1865;0,0910;1,0783;0,3841;0,0643;0,1958;0,2056;0,6742;0,8765;2,2629;4,2199;0,2664;0,5157;5,0382;150;150/A/NBP/2025;
20250806;0,1142;3,6994;2,4014;0,4713;2,6870;2,1897;2,8729;4,2820;1,0748;4,5733;4,9142;0,0888;2,5028;0,1742;0,5738;2,9986;0,3612;0,3825;0,8438;2,1893;0,0909;1,0719;0,3833;0,0644;0,1976;0,2069;0,6723;0,8744;2,2612;4,2199;0,2661;0,5146;5,0478;151;151/A/NBP/2025;
20250807;0,1130;3,6477;2,3825;0,4647;2,6567;2,1733;2,8433;4,2618;1,0729;4,5249;4,8770;0,0879;2,4791;0,1738;0,5711;2,9845;0,3576;0,3802;0,8399;2,1791;0,0895;1,0655;0,3744;0,0640;0,1961;0,2060;0,6682;0,8625;2,2395;4,1590;0,2644;0,5082;5,0085;152;152/A/NBP/2025;
20250808;0,1131;3,6577;2,3847;0,4660;2,6630;2,1773;2,8467;4,2566;1,0750;4,5237;4,9141;0,0883;2,4771;0,1743;0,5703;2,9808;0,3571;0,3810;0,8390;2,1764;0,0900;1,0655;0,3764;0,0641;0,1964;0,2061;0,6753;0,8621;2,2453;4,1691;0,2630;0,5092;4,9985;153;153/A/NBP/2025;
20250811;0,1127;3,6495;2,3797;0,4649;2,6514;2,1698;2,8415;4,2533;1,0764;4,5145;4,9137;0,0880;2,4739;0,1738;0,5699;2,9743;0,3561;0,3808;0,8393;2,1747;0,0896;1,0680;0,3777;0,0640;0,1963;0,2061;0,6716;0,8620;2,2431;4,1638;0,2625;0,5081;4,9869;154;154/A/NBP/2025;
20250812;0,1131;3,6702;2,3828;0,4675;2,6615;2,1736;2,8534;4,2626;1,0762;4,5311;4,9427;0,0885;2,4726;0,1742;0,5711;2,9808;0,3580;0,3805;0,8409;2,1795;0,0901;1,0717;0,3789;0,0643;0,1966;0,2073;0,6744;0,8674;2,2537;4,1877;0,2642;0,5104;5,0106;155;155/A/NBP/2025;
20250813;0,1126;3,6353;2,3814;0,4631;2,6414;2,1755;2,8394;4,2586;1,0780;4,5249;4,9281;0,0875;2,4685;0,1741;0,5707;2,9739;0,3567;0,3820;0,8411;2,1774;0,0892;1,0722;0,3805;0,0641;0,1961;0,2074;0,6729;0,8632;2,2449;4,1527;0,2641;0,5066;5,0063;156;156/A/NBP/2025;
20250814;0,1129;3,6542;2,3846;0,4656;2,6518;2,1736;2,8515;4,2639;1,0783;4,5296;4,9592;0,0881;2,4934;0,1742;0,5713;2,9776;0,3589;0,3813;0,8422;2,1801;0,0894;1,0772;0,3830;0,0641;0,1957;0,2079;0,6776;0,8674;2,2682;4,1682;0,2635;0,5094;4,9889;157;157/A/NBP/2025;
20250818;0,1123;3,6434;2,3736;0,4658;2,6412;2,1641;2,8414;4,2558;1,0756;4,5135;4,9354;0,0883;2,4725;0,1740;0,5702;2,9719;0,3570;0,3807;0,8411;2,1760;0,0890;1,0749;0,3781;0,0639;0,1939;0,2071;0,6746;0,8628;2,2544;4,1695;0,2629;0,5075;4,9857;158;158/A/NBP/2025;
20250819;0,1117;3,6332;2,3560;0,4658;2,6293;2,1504;2,8309;4,2420;1,0777;4,5077;4,9123;0,0879;2,4605;0,1734;0,5683;2,9582;0,3566;0,3810;0,8392;2,1689;0,0888;1,0748;0,3769;0,0636;0,1933;0,2061;0,6682;0,8599;2,2372;4,1751;0,2614;0,5060;4,9734;159;159/A/NBP/2025;
20250820;0,1123;3,6540;2,3508;0,4676;2,6327;2,1299;2,8419;4,2524;1,0767;4,5226;4,9329;0,0882;2,4758;0,1737;0,5697;2,9654;0,3561;0,3807;0,8406;2,1743;0,0892;1,0748;0,3792;0,0641;0,1945;0,2066;0,6644;0,8648;2,2461;4,1991;0,2612;0,5090;4,9815;160;160/A/NBP/2025;
20250821;0,1119;3,6483;2,3437;0,4670;2,6292;2,1249;2,8360;4,2521;1,0743;4,5307;4,9123;0,0884;2,4718;0,1733;0,5697;2,9652;0,3581;0,3807;0,8404;2,1741;0,0889;1,0671;0,3779;0,0640;0,1942;0,2057;0,6663;0,8638;2,2403;4,1858;0,2611;0,5082;4,9888;161;161/A/NBP/2025;
20250822;0,1127;3,6786;2,3654;0,4705;2,6450;2,1384;2,8545;4,2670;1,0770;4,5452;4,9341;0,0890;2,4748;0,1736;0,5717;2,9756;0,3604;0,3817;0,8445;2,1817;0,0898;1,0808;0,3790;0,0646;0,1964;0,2083;0,6732;0,8702;2,2514;4,2038;0,2646;0,5125;5,0104;162;162/A/NBP/2025;
20250825;0,1123;3,6421;2,3659;0,4663;2,6342;2,1367;2,8397;4,2627;1,0734;4,5416;4,9180;0,0878;2,4728;0,1737;0,5711;2,9726;0,3606;0,3827;0,8435;2,1795;0,0888;1,0790;0,3799;0,0642;0,1954;0,2077;0,6716;0,8661;2,2407;4,1574;0,2627;0,5090;5,0073;163;163/A/NBP/2025;
20250826;0,1131;3,6716;2,3780;0,4707;2,6495;2,1442;2,8546;4,2657;1,0725;4,5511;4,9432;0,0886;2,4881;0,1738;0,5715;2,9747;0,3605;0,3820;0,8439;2,1811;0,0894;1,0854;0,3821;0,0644;0,1967;0,2080;0,6786;0,8704;2,2533;4,1860;0,2628;0,5127;4,9951;164;164/A/NBP/2025;
20250827;0,1133;3,6793;2,3807;0,4726;2,6569;2,1446;2,8559;4,2639;1,0759;4,5623;4,9468;0,0890;2,4875;0,1739;0,5712;2,9776;0,3614;0,3831;0,8428;2,1801;0,0896;1,0977;0,3808;0,0643;0,1966;0,2075;0,6774;0,8689;2,2489;4,1886;0,2633;0,5138;5,0008;165;165/A/NBP/2025;
20250828;0,1133;3,6658;2,3900;0,4704;2,6615;2,1509;2,8538;4,2681;1,0743;4,5753;4,9485;0,0889;2,4906;0,1739;0,5718;2,9847;0,3638;0,3856;0,8423;2,1823;0,0890;1,0989;0,3785;0,0642;0,1965;0,2071;0,6766;0,8691;2,2428;4,1834;0,2642;0,5139;5,0208;166;166/A/NBP/2025;
20250829;0,1130;3,6559;2,3893;0,4691;2,6605;2,1548;2,8464;4,2684;1,0755;4,5659;4,9269;0,0885;2,4877;0,1742;0,5718;2,9849;0,3633;0,3860;0,8415;2,1824;0,0891;1,0961;0,3777;0,0639;0,1955;0,2058;0,6752;0,8652;2,2169;4,1427;0,2627;0,5126;5,0068;167;167/A/NBP/2025;
20250901;0,1124;3,6278;2,3788;0,4655;2,6406;2,1454;2,8279;4,2574;1,0768;4,5420;4,9108;0,0877;2,4681;0,1745;0,5703;2,9730;0,3627;0,3860;0,8394;2,1768;0,0882;1,0849;0,3753;0,0634;0,1948;0,2065;0,6678;0,8586;2,2100;4,1140;0,2606;0,5086;4,9982;168;168/A/NBP/2025;
20250902;0,1132;3,6626;2,3857;0,4693;2,6600;2,1454;2,8434;4,2651;1,0758;4,5541;4,9129;0,0886;2,4674;0,1744;0,5714;2,9743;0,3659;0,3877;0,8401;2,1807;0,0889;1,0813;0,3781;0,0638;0,1953;0,2069;0,6733;0,8663;2,2333;4,1529;0,2627;0,5124;5,0072;169;169/A/NBP/2025;
20250903;0,1130;3,6538;2,3841;0,4682;2,6475;2,1420;2,8361;4,2589;1,0802;4,5436;4,8987;0,0883;2,4589;0,1740;0,5707;2,9658;0,3652;0,3871;0,8392;2,1776;0,0887;1,0837;0,3753;0,0638;0,1952;0,2069;0,6681;0,8641;2,2260;4,1478;0,2629;0,5113;4,9938;170;170/A/NBP/2025;
20250904;0,1129;3,6501;2,3827;0,4681;2,6435;2,1423;2,8328;4,2553;1,0804;4,5378;4,9112;0,0882;2,4628;0,1742;0,5701;2,9633;0,3619;0,3866;0,8381;2,1757;0,0887;1,0856;0,3767;0,0639;0,1949;0,2057;0,6697;0,8630;2,2230;4,1436;0,2619;0,5113;4,9885;171;171/A/NBP/2025;
20250905;0,1129;3,6357;2,3792;0,4659;2,6361;2,1367;2,8254;4,2476;1,0818;4,5257;4,8975;0,0881;2,4538;0,1739;0,5690;2,9662;0,3619;0,3861;0,8364;2,1718;0,0881;1,0888;0,3739;0,0639;0,1947;0,2056;0,6677;0,8605;2,2142;4,1189;0,2615;0,5093;4,9858;172;172/A/NBP/2025;
20250908;0,1138;3,6214;2,3845;0,4648;2,6211;2,1452;2,8228;4,2484;1,0812;4,5498;4,8936;0,0878;2,4521;0,1741;0,5690;2,9709;0,3620;0,3859;0,8377;2,1722;0,0877;1,0905;0,3753;0,0638;0,1937;0,2064;0,6690;0,8583;2,2211;4,1123;0,2608;0,5078;4,9727;173;173/A/NBP/2025;
20250909;0,1142;3,6173;2,3922;0,4644;2,6218;2,1527;2,8240;4,2540;1,0802;4,5614;4,9100;0,0880;2,4672;0,1749;0,5697;2,9665;0,3628;0,3864;0,8385;2,1751;0,0876;1,0857;0,3727;0,0635;0,1944;0,2067;0,6672;0,8596;2,1957;4,1048;0,2607;0,5078;4,9735;174;174/A/NBP/2025;
20250910;0,1145;3,6414;2,4035;0,4675;2,6288;2,1626;2,8375;4,2604;1,0816;4,5659;4,9259;0,0882;2,4684;0,1747;0,5707;2,9710;0,3666;0,3893;0,8398;2,1783;0,0881;1,0918;0,3762;0,0638;0,1953;0,2075;0,6699;0,8635;2,2123;4,1326;0,2621;0,5113;4,9832;175;175/A/NBP/2025;
20250911;0,1146;3,6459;2,4093;0,4681;2,6268;2,1612;2,8386;4,2626;1,0852;4,5611;4,9276;0,0882;2,4657;0,1746;0,5710;2,9767;0,3672;0,3894;0,8401;2,1795;0,0881;1,0935;0,3786;0,0637;0,1957;0,2079;0,6743;0,8643;2,2148;4,1229;0,2618;0,5118;4,9903;176;176/A/NBP/2025;
20250912;0,1145;3,6350;2,4157;0,4671;2,6251;2,1636;2,8328;4,2593;1,0877;4,5588;4,9192;0,0881;2,4575;0,1750;0,5706;2,9744;0,3669;0,3887;0,8401;2,1778;0,0878;1,0899;0,3825;0,0636;0,1965;0,2089;0,6744;0,8650;2,2195;4,1159;0,2613;0,5102;4,9917;177;177/A/NBP/2025;
20250915;0,1134;3,6188;2,4101;0,4654;2,6160;2,1568;2,8229;4,2476;1,0894;4,5458;4,9148;0,0877;2,4549;0,1747;0,5690;2,9662;0,3680;0,3885;0,8387;2,1718;0,0875;1,0844;0,3792;0,0633;0,1963;0,2086;0,6764;0,8606;2,2053;4,1037;0,2607;0,5081;4,9726;178;178/A/NBP/2025;
20250916;0,1136;3,6034;2,4009;0,4632;2,6160;2,1504;2,8183;4,2504;1,0898;4,5486;4,9095;0,0875;2,4514;0,1748;0,5694;2,9682;0,3660;0,3889;0,8392;2,1732;0,0872;1,0778;0,3787;0,0633;0,1963;0,2074;0,6777;0,8569;2,1919;4,0911;0,2609;0,5064;4,9603;179;179/A/NBP/2025;
20250917;0,1132;3,5919;2,3962;0,4619;2,6112;2,1454;2,8136;4,2559;1,0917;4,5647;4,8994;0,0872;2,4526;0,1749;0,5702;2,9762;0,3662;0,3885;0,8399;2,1760;0,0869;1,0802;0,3790;0,0631;0,1964;0,2064;0,6783;0,8578;2,1862;4,0926;0,2606;0,5055;4,9592;180;180/A/NBP/2025;
20250918;0,1131;3,5986;2,3888;0,4627;2,6116;2,1206;2,8121;4,2564;1,0953;4,5601;4,9085;0,0872;2,4408;0,1750;0,5702;2,9807;0,3676;0,3879;0,8396;2,1763;0,0872;1,0753;0,3778;0,0631;0,1968;0,2071;0,6776;0,8572;2,1803;4,0834;0,2596;0,5064;4,9541;181;181/A/NBP/2025;
20250919;0,1140;3,6278;2,3970;0,4666;2,6273;2,1320;2,8263;4,2666;1,0935;4,5617;4,8974;0,0879;2,4534;0,1756;0,5716;2,9795;0,3664;0,3863;0,8413;2,1815;0,0879;1,0866;0,3802;0,0635;0,1975;0,2092;0,6838;0,8630;2,1867;4,1159;0,2600;0,5101;4,9717;182;182/A/NBP/2025;
20250922;0,1140;3,6255;2,3908;0,4666;2,6262;2,1243;2,8242;4,2645;1,0942;4,5651;4,8933;0,0876;2,4519;0,1758;0,5714;2,9822;0,3657;0,3861;0,8401;2,1804;0,0876;1,0800;0,3794;0,0637;0,1970;0,2095;0,6804;0,8620;2,1834;4,1062;0,2606;0,5096;4,9866;183;183/A/NBP/2025;
20250923;0,1133;3,6050;2,3792;0,4638;2,6066;2,1135;2,8101;4,2552;1,0935;4,5527;4,8686;0,0871;2,4432;0,1755;0,5701;2,9840;0,3640;0,3867;0,8380;2,1756;0,0870;1,0767;0,3773;0,0630;0,1965;0,2084;0,6757;0,8588;2,1633;4,0625;0,2586;0,5069;4,9590;184;184/A/NBP/2025;
20250924;0,1133;3,6254;2,3974;0,4661;2,6156;2,1196;2,8188;4,2676;1,0935;4,5660;4,8879;0,0876;2,4451;0,1759;0,5718;2,9927;0,3651;0,3868;0,8403;2,1820;0,0875;1,0816;0,3822;0,0630;0,1973;0,2099;0,6863;0,8613;2,1741;4,0844;0,2592;0,5090;4,9719;185;185/A/NBP/2025;
20250925;0,1130;3,6295;2,3949;0,4666;2,6127;2,1152;2,8183;4,2619;1,0907;4,5604;4,8825;0,0875;2,4400;0,1755;0,5710;2,9971;0,3653;0,3866;0,8395;2,1791;0,0873;1,0851;0,3810;0,0625;0,1971;0,2098;0,6810;0,8613;2,1680;4,0919;0,2590;0,5094;4,9708;186;186/A/NBP/2025;
20250926;0,1134;3,6528;2,3860;0,4695;2,6193;2,1057;2,8264;4,2668;1,0902;4,5705;4,8819;0,0880;2,4392;0,1756;0,5717;2,9963;0,3636;0,3863;0,8402;2,1816;0,0878;1,0851;0,3810;0,0629;0,1978;0,2094;0,6809;0,8654;2,1834;4,1176;0,2590;0,5120;4,9815;187;187/A/NBP/2025;
20250929;0,1129;3,6411;2,3921;0,4679;2,6162;2,1086;2,8233;4,2688;1,0933;4,5739;4,8920;0,0881;2,4514;0,1756;0,5719;3,0104;0,3653;0,3878;0,8404;2,1826;0,0875;1,0987;0,3793;0,0626;0,1986;0,2108;0,6806;0,8642;2,1842;4,1030;0,2600;0,5115;4,9944;188;188/A/NBP/2025;
20250930;0,1122;3,6315;2,4004;0,4667;2,6108;2,1065;2,8171;4,2692;1,0915;4,5616;4,8830;0,0882;2,4562;0,1754;0,5719;3,0107;0,3635;0,3858;0,8401;2,1828;0,0873;1,1003;0,3761;0,0624;0,1981;0,2101;0,6822;0,8630;2,1791;4,0914;0,2591;0,5101;4,9875;189;189/A/NBP/2025;
20251001;0,1121;3,6245;2,3974;0,4658;2,6041;2,1077;2,8133;4,2586;1,0945;4,5542;4,8812;0,0879;2,4630;0,1752;0,5704;2,9906;0,3644;0,3860;0,8382;2,1774;0,0871;1,0907;0,3770;0,0624;0,1983;0,2105;0,6813;0,8613;2,1828;4,0877;0,2582;0,5099;4,9727;190;190/A/NBP/2025;
20251002;0,1118;3,6210;2,3973;0,4654;2,5985;2,1139;2,8137;4,2560;1,0934;4,5475;4,8900;0,0877;2,4665;0,1753;0,5700;2,9846;0,3653;0,3871;0,8373;2,1760;0,0868;1,0901;0,3768;0,0623;0,1974;0,2105;0,6794;0,8610;2,1833;4,0816;0,2584;0,5096;4,9770;191;191/A/NBP/2025;
20251003;0,1119;3,6253;2,3951;0,4658;2,5970;2,1142;2,8125;4,2559;1,0947;4,5527;4,8784;0,0879;2,4604;0,1754;0,5700;2,9929;0,3641;0,3866;0,8365;2,1760;0,0869;1,0937;0,3768;0,0626;0,1970;0,2103;0,6791;0,8613;2,1925;4,0842;0,2577;0,5096;4,9691;192;192/A/NBP/2025;
20251006;0,1123;3,6446;2,4045;0,4683;2,6128;2,1213;2,8162;4,2521;1,0944;4,5631;4,8962;0,0881;2,4237;0,1751;0,5695;2,9944;0,3660;0,3873;0,8353;2,1741;0,0876;1,1112;0,3775;0,0625;0,1974;0,2108;0,6831;0,8643;2,2021;4,1047;0,2578;0,5084;4,9682;193;193/A/NBP/2025;
20251007;0,1121;3,6481;2,4045;0,4687;2,6142;2,1187;2,8218;4,2559;1,0860;4,5728;4,9023;0,0883;2,4193;0,1750;0,5701;3,0013;0,3667;0,3889;0,8360;2,1760;0,0874;1,1135;0,3795;0,0627;0,1985;0,2120;0,6868;0,8655;2,2057;4,1108;0,2581;0,5089;4,9781;194;194/A/NBP/2025;
20251008;0,1127;3,6619;2,4026;0,4704;2,6244;2,1084;2,8251;4,2533;1,0834;4,5712;4,9103;0,0885;2,3975;0,1746;0,5697;3,0037;0,3658;0,3884;0,8342;2,1747;0,0877;1,1156;0,3814;0,0631;0,1988;0,2129;0,6834;0,8679;2,2113;4,1249;0,2567;0,5086;4,9808;195;195/A/NBP/2025;
20251009;0,1124;3,6659;2,4126;0,4712;2,6276;2,1143;2,8279;4,2569;1,0857;4,5704;4,8981;0,0884;2,3990;0,1750;0,5701;3,0105;0,3661;0,3868;0,8356;2,1765;0,0876;1,1305;0,3854;0,0629;0,1998;0,2137;0,6871;0,8692;2,2157;4,1292;0,2584;0,5144;4,9912;196;196/A/NBP/2025;
20251010;0,1124;3,6778;2,4116;0,4726;2,6237;2,1170;2,8337;4,2583;1,0908;4,5675;4,8940;0,0883;2,4090;0,1753;0,5703;3,0073;0,3647;0,3866;0,8357;2,1772;0,0879;1,1307;0,3870;0,0632;0,1999;0,2134;0,6838;0,8708;2,2222;4,1498;0,2589;0,5162;4,9984;197;197/A/NBP/2025;
20251013;0,1130;3,6763;2,3973;0,4727;2,6258;2,1071;2,8315;4,2592;1,0864;4,5719;4,8993;0,0883;2,4132;0,1750;0,5703;3,0079;0,3646;0,3860;0,8368;2,1777;0,0878;1,1206;0,3833;0,0631;0,1990;0,2125;0,6651;0,8699;2,2200;4,1476;0,2574;0,5154;5,0085;198;198/A/NBP/2025;
20251014;0,1127;3,6897;2,3826;0,4745;2,6243;2,0997;2,8364;4,2645;1,0853;4,5931;4,9009;0,0883;2,4275;0,1752;0,5710;3,0117;0,3631;0,3876;0,8376;2,1804;0,0881;1,1109;0,3850;0,0634;0,1986;0,2114;0,6750;0,8723;2,2260;4,1552;0,2576;0,5167;5,0147;199;199/A/NBP/2025;
20251015;0,1125;3,6585;2,3844;0,4705;2,6052;2,0949;2,8236;4,2556;1,0899;4,5739;4,8820;0,0875;2,4193;0,1754;0,5698;3,0054;0,3620;0,3856;0,8363;2,1759;0,0874;1,1114;0,3805;0,0630;0,1983;0,2115;0,6672;0,8651;2,2085;4,1420;0,2573;0,5134;5,0081;200;200/A/NBP/2025;
20251016;0,1120;3,6467;2,3727;0,4692;2,5981;2,0924;2,8153;4,2517;1,0907;4,5781;4,9005;0,0876;2,4111;0,1750;0,5693;3,0069;0,3621;0,3855;0,8357;2,1739;0,0869;1,1046;0,3801;0,0627;0,1977;0,2104;0,6692;0,8627;2,2009;4,1496;0,2573;0,5118;4,9891;201;201/A/NBP/2025;
20251017;0,1115;3,6388;2,3506;0,4685;2,5900;2,0815;2,8112;4,2565;1,0895;4,6096;4,8847;0,0872;2,4294;0,1750;0,5699;3,0060;0,3601;0,3844;0,8367;2,1763;0,0869;1,0947;0,3809;0,0625;0,1964;0,2085;0,6687;0,8607;2,1947;4,1373;0,2554;0,5106;4,9900;202;202/A/NBP/2025;
20251020;0,1111;3,6349;2,3617;0,4679;2,5905;2,0861;2,8082;4,2396;1,0878;4,5866;4,8810;0,0870;2,4139;0,1744;0,5677;2,9898;0,3616;0,3856;0,8331;2,1677;0,0866;1,0983;0,3801;0,0625;0,1977;0,2099;0,6726;0,8601;2,1930;4,1340;0,2556;0,5104;4,9639;203;203/A/NBP/2025;
20251021;0,1114;3,6479;2,3656;0,4695;2,5944;2,0849;2,8125;4,2392;1,0880;4,5961;4,8811;0,0874;2,4060;0,1743;0,5676;2,9938;0,3622;0,3871;0,8340;2,1675;0,0868;1,1080;0,3836;0,0626;0,1977;0,2106;0,6788;0,8628;2,1988;4,1435;0,2550;0,5124;4,9673;204;204/A/NBP/2025;
20251022;0,1113;3,6591;2,3765;0,4709;2,6123;2,1031;2,8181;4,2438;1,0887;4,5963;4,8746;0,0876;2,4123;0,1746;0,5682;2,9970;0,3643;0,3874;0,8349;2,1699;0,0874;1,1098;0,3838;0,0626;0,1987;0,2094;0,6791;0,8649;2,2076;4,1685;0,2557;0,5136;4,9854;205;205/A/NBP/2025;
20251023;0,1115;3,6519;2,3771;0,4698;2,6097;2,0979;2,8110;4,2347;1,0852;4,5790;4,8745;0,0871;2,3928;0,1740;0,5669;2,9822;0,3659;0,3884;0,8331;2,1652;0,0868;1,1047;0,3841;0,0623;0,1983;0,2102;0,6761;0,8635;2,1972;4,1549;0,2538;0,5127;4,9765;206;206/A/NBP/2025;
20251024;0,1113;3,6481;2,3695;0,4696;2,6020;2,0950;2,8075;4,2353;1,0858;4,5839;4,8589;0,0869;2,3849;0,1741;0,5670;2,9784;0,3647;0,3884;0,8333;2,1655;0,0871;1,1081;0,3863;0,0622;0,1982;0,2101;0,6775;0,8637;2,1981;4,1554;0,2535;0,5122;4,9738;207;207/A/NBP/2025;
20251027;0,1113;3,6395;2,3863;0,4685;2,6044;2,0973;2,8071;4,2353;1,0868;4,5720;4,8567;0,0865;2,3824;0,1742;0,5670;2,9617;0,3638;0,3882;0,8329;2,1655;0,0866;1,1180;0,3864;0,0618;0,1976;0,2112;0,6752;0,8645;2,1905;4,1239;0,2542;0,5121;4,9680;208;208/A/NBP/2025;
20251028;0,1120;3,6327;2,3817;0,4675;2,5954;2,0969;2,8056;4,2345;1,0900;4,5783;4,8375;0,0863;2,3912;0,1741;0,5669;2,9612;0,3630;0,3875;0,8329;2,1651;0,0866;1,1147;0,3867;0,0614;0,1972;0,2105;0,6756;0,8655;2,1877;4,1156;0,2530;0,5117;4,9632;209;209/A/NBP/2025;
20251029;0,1128;3,6399;2,4022;0,4685;2,6106;2,1051;2,8114;4,2374;1,0914;4,5716;4,8119;0,0867;2,3911;0,1742;0,5673;2,9591;0,3639;0,3885;0,8337;2,1666;0,0867;1,1198;0,3866;0,0622;0,1974;0,2130;0,6793;0,8690;2,1907;4,1267;0,2554;0,5127;4,9730;210;210/A/NBP/2025;
20251030;0,1128;3,6520;2,3989;0,4701;2,6182;2,1061;2,8117;4,2425;1,0921;4,5719;4,8169;0,0870;2,3746;0,1742;0,5681;2,9544;0,3637;0,3881;0,8342;2,1692;0,0868;1,1238;0,3881;0,0620;0,1973;0,2118;0,6815;0,8700;2,1947;4,1172;0,2557;0,5136;4,9708;211;211/A/NBP/2025;
20251031;0,1137;3,6751;2,4040;0,4729;2,6241;2,1034;2,8257;4,2543;1,0961;4,5849;4,8303;0,0877;2,3841;0,1749;0,5697;2,9421;0,3647;0,3892;0,8367;2,1752;0,0873;1,1340;0,3899;0,0626;0,1982;0,2122;0,6826;0,8775;2,2099;4,1397;0,2575;0,5166;5,0094;212;212/A/NBP/2025;
20251103;0,1138;3,6933;2,4180;0,4751;2,6307;2,1113;2,8335;4,2527;1,0990;4,5753;4,8475;0,0878;2,3957;0,1747;0,5695;2,9268;0,3650;0,3886;0,8360;2,1744;0,0877;1,1362;0,3919;0,0628;0,1993;0,2134;0,6871;0,8795;2,2176;4,1600;0,2583;0,5186;4,9999;213;213/A/NBP/2025;
20251104;0,1137;3,7019;2,4042;0,4761;2,6309;2,0958;2,8356;4,2575;1,0962;4,5775;4,8359;0,0880;2,4118;0,1748;0,5703;2,9281;0,3630;0,3882;0,8371;2,1769;0,0879;1,1310;0,3942;0,0632;0,1986;0,2119;0,6910;0,8819;2,2171;4,1758;0,2572;0,5196;5,0055;214;214/A/NBP/2025;
20251105;0,1140;3,7091;2,4041;0,4771;2,6257;2,0947;2,8384;4,2597;1,0989;4,5759;4,8367;0,0882;2,4134;0,1749;0,5706;2,9017;0,3631;0,3871;0,8377;2,1780;0,0880;1,1327;0,3916;0,0631;0,1987;0,2121;0,6872;0,8849;2,2203;4,1850;0,2566;0,5204;5,0081;215;215/A/NBP/2025;
20251106;0,1142;3,6971;2,4081;0,4755;2,6225;2,0925;2,8319;4,2566;1,1011;4,5706;4,8359;0,0879;2,4051;0,1747;0,5701;2,9075;0,3634;0,3877;0,8370;2,1764;0,0879;1,1371;0,3914;0,0627;0,1990;0,2128;0,6896;0,8838;2,2146;4,1716;0,2553;0,5191;5,0044;216;216/A/NBP/2025;
20251107;0,1138;3,6818;2,3868;0,4734;2,6085;2,0679;2,8245;4,2483;1,1000;4,5556;4,8227;0,0876;2,3987;0,1745;0,5690;2,9058;0,3606;0,3846;0,8353;2,1722;0,0871;1,1294;0,3898;0,0623;0,1985;0,2124;0,6882;0,8817;2,2067;4,1524;0,2524;0,5168;4,9947;217;217/A/NBP/2025;
20251110;0,1131;3,6610;2,3932;0,4710;2,6128;2,0685;2,8105;4,2351;1,1054;4,5426;4,8230;0,0874;2,3747;0,1744;0,5672;2,8928;0,3625;0,3855;0,8329;2,1654;0,0867;1,1316;0,3871;0,0621;0,1992;0,2130;0,6865;0,8800;2,1987;4,1275;0,2518;0,5141;4,9792;218;218/A/NBP/2025;
20251112;0,1125;3,6570;2,3891;0,4706;2,6088;2,0681;2,8045;4,2312;1,0976;4,5755;4,7967;0,0870;2,3618;0,1745;0,5666;2,8823;0,3636;0,3869;0,8320;2,1634;0,0865;1,1428;0,3915;0,0618;0,1999;0,2134;0,6935;0,8841;2,1902;4,1266;0,2494;0,5138;4,9746;219;219/A/NBP/2025;
20251113;0,1128;3,6417;2,3937;0,4686;2,6032;2,0668;2,8007;4,2304;1,1018;4,5779;4,7909;0,0866;2,3567;0,1747;0,5665;2,8739;0,3625;0,3872;0,8320;2,1630;0,0860;1,1378;0,3916;0,0619;0,1994;0,2145;0,6880;0,8820;2,1774;4,1073;0,2488;0,5130;4,9736;220;220/A/NBP/2025;
20251114;0,1122;3,6376;2,3720;0,4680;2,5917;2,0645;2,7944;4,2274;1,0990;4,5918;4,7854;0,0865;2,3513;0,1748;0,5661;2,8758;0,3609;0,3846;0,8315;2,1615;0,0859;1,1250;0,3908;0,0616;0,1982;0,2127;0,6865;0,8802;2,1790;4,0991;0,2494;0,5123;4,9701;221;221/A/NBP/2025;
20251117;0,1122;3,6400;2,3734;0,4683;2,5950;2,0640;2,7963;4,2231;1,0999;4,5826;4,7924;0,0865;2,3522;0,1748;0,5655;2,8651;0,3606;0,3856;0,8306;2,1593;0,0859;1,1275;0,3921;0,0617;0,1987;0,2132;0,6872;0,8771;2,1764;4,1066;0,2491;0,5120;4,9651;222;222/A/NBP/2025;
20251118;0,1126;3,6525;2,3726;0,4692;2,6023;2,0694;2,8040;4,2331;1,1002;4,5865;4,8038;0,0868;2,3530;0,1751;0,5668;2,8797;0,3604;0,3849;0,8323;2,1644;0,0862;1,1203;0,3948;0,0619;0,1979;0,2120;0,6855;0,8772;2,1819;4,1224;0,2492;0,5136;4,9768;223;223/A/NBP/2025;
20251119;0,1131;3,6656;2,3779;0,4706;2,6185;2,0649;2,8110;4,2424;1,1060;4,5743;4,8116;0,0871;2,3504;0,1755;0,5680;2,8899;0,3623;0,3865;0,8335;2,1691;0,0865;1,1234;0,3929;0,0622;0,2000;0,2135;0,6887;0,8833;2,1960;4,1377;0,2496;0,5155;4,9878;224;224/A/NBP/2025;
20251120;0,1131;3,6684;2,3784;0,4712;2,6112;2,0601;2,8075;4,2289;1,1061;4,5538;4,7977;0,0871;2,3339;0,1749;0,5662;2,8807;0,3604;0,3843;0,8312;2,1622;0,0864;1,1243;0,3938;0,0621;0,2000;0,2133;0,6878;0,8826;2,1927;4,1354;0,2498;0,5156;4,9719;225;225/A/NBP/2025;
20251121;0,1135;3,6868;2,3728;0,4736;2,6162;2,0626;2,8186;4,2489;1,1056;4,5768;4,8154;0,0872;2,3516;0,1753;0,5689;2,8904;0,3593;0,3849;0,8349;2,1724;0,0868;1,1204;0,3967;0,0626;0,1999;0,2126;0,6913;0,8886;2,2085;4,1192;0,2499;0,5185;4,9954;226;226/A/NBP/2025;
20251124;0,1131;3,6726;2,3676;0,4718;2,6022;2,0564;2,8133;4,2345;1,1055;4,5496;4,8073;0,0866;2,3429;0,1749;0,5670;2,8806;0,3583;0,3848;0,8324;2,1651;0,0865;1,1207;0,3909;0,0623;0,1989;0,2120;0,6797;0,8868;2,2001;4,1151;0,2483;0,5167;4,9785;227;227/A/NBP/2025;
20251125;0,1135;3,6675;2,3687;0,4716;2,5984;2,0565;2,8159;4,2301;1,1069;4,5307;4,8171;0,0865;2,3465;0,1752;0,5663;2,8776;0,3582;0,3836;0,8313;2,1628;0,0863;1,1220;0,3906;0,0623;0,1983;0,2126;0,6806;0,8871;2,2014;4,1102;0,2502;0,5175;4,9733;228;228/A/NBP/2025;
20251126;0,1135;3,6578;2,3774;0,4703;2,5976;2,0764;2,8167;4,2330;1,1081;4,5350;4,8190;0,0865;2,3381;0,1751;0,5668;2,8993;0,3580;0,3842;0,8316;2,1643;0,0862;1,1143;0,3911;0,0622;0,1988;0,2132;0,6795;0,8844;2,1957;4,0974;0,2484;0,5167;4,9767;229;229/A/NBP/2025;
20251127;0,1133;3,6510;2,3818;0,4694;2,5994;2,0867;2,8126;4,2270;1,1073;4,5318;4,8242;0,0864;2,3350;0,1749;0,5659;2,8677;0,3583;0,3847;0,8304;2,1613;0,0858;1,1156;0,3945;0,0621;0,1989;0,2125;0,6847;0,8836;2,1941;4,0885;0,2497;0,5155;4,9696;230;230/A/NBP/2025;
20251128;0,1138;3,6624;2,3897;0,4705;2,6088;2,0906;2,8214;4,2369;1,1112;4,5416;4,8375;0,0866;2,3427;0,1752;0,5673;2,8705;0,3602;0,3854;0,8322;2,1663;0,0861;1,1237;0,3941;0,0625;0,1996;0,2136;0,6837;0,8863;2,1990;4,0953;0,2490;0,5177;4,9813;231;231/A/NBP/2025;
20251201;0,1137;3,6383;2,3830;0,4672;2,6017;2,0876;2,8087;4,2286;1,1114;4,5318;4,8145;0,0859;2,3429;0,1751;0,5662;2,8495;0,3592;0,3854;0,8307;2,1621;0,0858;1,1138;0,3920;0,0622;0,1990;0,2130;0,6817;0,8807;2,1845;4,0623;0,2475;0,5144;4,9715;232;232/A/NBP/2025;
20251202;0,1141;3,6512;2,3909;0,4689;2,6065;2,0877;2,8145;4,2390;1,1127;4,5398;4,8228;0,0862;2,3410;0,1754;0,5676;2,8565;0,3598;0,3862;0,8330;2,1674;0,0860;1,1218;0,3934;0,0623;0,1993;0,2132;0,6815;0,8835;2,1968;4,0623;0,2486;0,5163;4,9838;233;233/A/NBP/2025;
20251203;0,1138;3,6333;2,3913;0,4667;2,6037;2,0862;2,8052;4,2312;1,1116;4,5312;4,8244;0,0860;2,3346;0,1753;0,5665;2,8435;0,3599;0,3866;0,8312;2,1634;0,0855;1,1209;0,3935;0,0617;0,1989;0,2124;0,6820;0,8812;2,1861;4,0278;0,2479;0,5143;4,9746;234;234/A/NBP/2025;
20251204;0,1131;3,6221;2,3963;0,4654;2,5951;2,0912;2,7970;4,2299;1,1083;4,5290;4,8342;0,0858;2,3397;0,1748;0,5664;2,8427;0,3594;0,3859;0,8306;2,1627;0,0851;1,1198;0,3939;0,0614;0,1984;0,2133;0,6824;0,8809;2,1761;4,0256;0,2461;0,5121;4,9731;235;235/A/NBP/2025;
20251205;0,1140;3,6313;2,4079;0,4665;2,6043;2,0970;2,8042;4,2321;1,1077;4,5236;4,8467;0,0861;2,3440;0,1749;0,5666;2,8403;0,3594;0,3861;0,8312;2,1639;0,0853;1,1256;0,3961;0,0615;0,1994;0,2145;0,6837;0,8833;2,1823;4,0350;0,2467;0,5136;4,9756;236;236/A/NBP/2025;
20251208;0,1140;3,6300;2,4087;0,4666;2,6262;2,0999;2,8000;4,2289;1,1053;4,5132;4,8347;0,0862;2,3349;0,1746;0,5662;2,8382;0,3587;0,3862;0,8309;2,1622;0,0853;1,1259;0,3932;0,0615;0,1995;0,2137;0,6673;0,8826;2,1749;4,0301;0,2474;0,5134;4,9719;237;237/A/NBP/2025;
20251209;0,1142;3,6336;2,4145;0,4670;2,6250;2,1050;2,8029;4,2340;1,1042;4,5103;4,8499;0,0862;2,3278;0,1745;0,5669;2,8454;0,3595;0,3890;0,8319;2,1648;0,0854;1,1313;0,3935;0,0612;0,1991;0,2135;0,6689;0,8830;2,1804;4,0425;0,2475;0,5144;4,9779;238;238/A/NBP/2025;
20251210;0,1141;3,6329;2,4157;0,4669;2,6220;2,1021;2,8028;4,2274;1,1013;4,5119;4,8363;0,0859;2,3166;0,1743;0,5660;2,8410;0,3577;0,3885;0,8307;2,1614;0,0852;1,1271;0,3924;0,0613;0,1995;0,2134;0,6686;0,8822;2,1773;4,0378;0,2471;0,5143;4,9701;239;239/A/NBP/2025;
20251211;0,1138;3,6132;2,4035;0,4642;2,6172;2,0977;2,7919;4,2284;1,1077;4,5277;4,8316;0,0854;2,3183;0,1745;0,5661;2,8455;0,3579;0,3904;0,8308;2,1619;0,0846;1,1234;0,3911;0,0613;0,1987;0,2137;0,6603;0,8791;2,1675;3,9993;0,2455;0,5119;4,9713;240;240/A/NBP/2025;
20251212;0,1141;3,6027;2,4027;0,4627;2,6181;2,0950;2,7896;4,2271;1,1012;4,5326;4,8216;0,0854;2,3111;0,1744;0,5659;2,8523;0,3569;0,3884;0,8304;2,1613;0,0843;1,1247;0,3941;0,0610;0,1998;0,2138;0,6665;0,8786;2,1651;3,9849;0,2438;0,5106;4,9698;241;241/A/NBP/2025;
20251215;0,1143;3,5928;2,3885;0,4617;2,6101;2,0787;2,7868;4,2192;1,0956;4,5128;4,8098;0,0849;2,3184;0,1737;0,5648;2,8431;0,3547;0,3868;0,8288;2,1572;0,0841;1,1189;0,3947;0,0609;0,1999;0,2136;0,6630;0,8779;2,1559;3,9598;0,2454;0,5098;4,9605;242;242/A/NBP/2025;
20251216;0,1140;3,5930;2,3836;0,4619;2,6082;2,0779;2,7857;4,2239;1,0973;4,5149;4,8171;0,0852;2,3204;0,1736;0,5654;2,8501;0,3533;0,3863;0,8294;2,1596;0,0840;1,1170;0,3924;0,0612;0,2000;0,2138;0,6635;0,8794;2,1528;3,9469;0,2436;0,5102;4,9660;243;243/A/NBP/2025;
20251217;0,1142;3,5976;2,3795;0,4624;2,6113;2,0758;2,7839;4,2149;1,0890;4,5086;4,7937;0,0849;2,3131;0,1731;0,5641;2,8518;0,3525;0,3852;0,8275;2,1550;0,0841;1,1165;0,3932;0,0613;0,2002;0,2148;0,6530;0,8799;2,1562;3,9813;0,2433;0,5107;4,9554;244;244/A/NBP/2025;
20251218;0,1141;3,5893;2,3707;0,4613;2,6049;2,0688;2,7792;4,2076;1,0790;4,5064;4,7912;0,0847;2,3019;0,1724;0,5631;2,8430;0,3520;0,3856;0,8265;2,1513;0,0838;1,1133;0,3911;0,0612;0,1994;0,2140;0,6502;0,8784;2,1474;3,9769;0,2431;0,5098;4,9468;245;245/A/NBP/2025;
20251219;0,1142;3,5941;2,3750;0,4619;2,6056;2,0661;2,7809;4,2094;1,0871;4,5197;4,8091;0,0851;2,2862;0,1728;0,5634;2,8558;0,3528;0,3861;0,8271;2,1522;0,0842;1,1200;0,3946;0,0612;0,1994;0,2141;0,6509;0,8815;2,1470;3,9856;0,2431;0,5104;4,9490;246;246/A/NBP/2025;
20251222;0,1152;3,5904;2,3838;0,4615;2,6072;2,0762;2,7822;4,2115;1,0880;4,5253;4,8200;0,0850;2,2801;0,1731;0,5637;2,8572;0,3542;0,3877;0,8278;2,1533;0,0839;1,1201;0,3942;0,0611;0,1995;0,2149;0,6477;0,8804;2,1409;4,0049;0,2425;0,5102;4,9514;247;247/A/NBP/2025;
20251223;0,1152;3,5848;2,3992;0,4609;2,6162;2,0929;2,7902;4,2274;1,0807;4,5473;4,8416;0,0851;2,2990;0,1737;0,5659;2,8602;0,3557;0,3902;0,8309;2,1614;0,0834;1,1223;0,3942;0,0609;0,1997;0,2151;0,6411;0,8823;2,1376;3,9980;0,2420;0,5100;4,9701;248;248/A/NBP/2025;
20251229;0,1141;3,5898;2,4049;0,4618;2,6228;2,0847;2,7930;4,2274;1,0914;4,5527;4,8424;0,0850;2,2956;0,1743;0,5660;2,8564;0,3575;0,3917;0,8302;2,1614;0,0835;1,1225;0,3963;0,0610;0,2004;0,2154;0,6475;0,8842;2,1387;3,9893;0,2499;0,5123;4,9701;249;249/A/NBP/2025;
20251230;0,1140;3,5936;2,4093;0,4618;2,6262;2,0865;2,8002;4,2293;1,0945;4,5555;4,8568;0,0847;2,3042;0,1745;0,5662;2,8693;0,3583;0,3914;0,8298;2,1624;0,0837;1,1314;0,3930;0,0611;0,2000;0,2157;0,6451;0,8880;2,1441;4,0023;0,2483;0,5142;4,9724;250;250/A/NBP/2025;
20251231;0,1141;3,6016;2,4071;0,4627;2,6288;2,0767;2,8004;4,2267;1,0968;4,5390;4,8399;0,0851;2,2994;0,1746;0,5659;2,8714;0,3577;0,3908;0,8291;2,1611;0,0837;1,1333;0,3996;0,0611;0,2003;0,2168;0,6575;0,8875;2,1599;4,0092;0,2496;0,5153;4,9693;251;251/A/NBP/2025;

kod ISO;THB;USD;AUD;HKD;CAD;NZD;SGD;EUR;HUF;CHF;GBP;UAH;JPY;CZK;DKK;ISK;NOK;SEK;RON;BGN;TRY;ILS;CLP;PHP;MXN;ZAR;BRL;MYR;IDR;INR;KRW;CNY;XDR;
nazwa waluty;bat (Tajlandia);dolar amerykañski;dolar australijski;dolar Hongkongu;dolar kanadyjski;dolar nowozelandzki;dolar singapurski;euro;forint (Wêgry);frank szwajcarski;funt szterling;hrywna (Ukraina);jen (Japonia);korona czeska;korona duñska;korona islandzka;korona norweska;korona szwedzka;lej rumuñski;lew (Bu³garia);lira turecka;nowy izraelski szekel;peso chilijskie;peso filipiñskie;peso meksykañskie;rand (Republika Po³udniowej Afryki);real (Brazylia);ringgit (Malezja);rupia indonezyjska;rupia indyjska;won po³udniowokoreañski;yuan renminbi (Chiny);SDR (MFW);
liczba jednostek;1;1;1;1;1;1;1;1;100;1;1;1;100;1;1;100;1;1;1;1;1;1;100;1;1;1;1;1;10000;100;100;1;1;
